date,site,temperature,RH,pressure,ws,wd,SRAD,RAIN.F,SNOW.F,cloud.cover,cloud.altitude,vis
2015-05-01 0:00,156,17,84,1006.2,1.6,230,0,NA,NA,NA,NA,700
2015-05-01 1:00,156,16.5,84,1005.6,1.8,230,0,NA,NA,NA,NA,700
2015-05-01 2:00,156,16.1,85,1005.7,1.2,250,0,NA,NA,3,10,600
2015-05-01 3:00,156,15.4,88,1005.5,1.5,20,0,NA,NA,2,10,600
2015-05-01 4:00,156,15,90,1005.5,1.4,50,0,NA,NA,3,10,400
2015-05-01 5:00,156,15.2,91,1006,0,0,0,NA,NA,3,10,400
2015-05-01 6:00,156,16.2,90,1006.5,0.1,360,72.2,NA,NA,1,10,500
2015-05-01 7:00,156,16.9,86,1007,1.2,250,194.4,NA,NA,5,10,600
2015-05-01 8:00,156,17.7,81,1007.2,1.4,230,333.3,NA,NA,7,10,600
2015-05-01 9:00,156,20.8,71,1007,1,250,563.9,NA,NA,1,10,600
2015-05-01 10:00,156,22.2,63,1006.6,1.8,250,750,NA,NA,3,10,900
2015-05-01 11:00,156,24.5,57,1005.7,1.2,360,747.2,NA,NA,7,10,1200
2015-05-01 12:00,156,24,55,1005,1.3,20,683.3,NA,NA,6,10,1200
2015-05-01 13:00,156,24.7,52,1004.4,1.2,320,555.6,NA,NA,6,10,2000
2015-05-01 14:00,156,25.4,50,1003.8,1.7,290,408.3,NA,NA,7,10,2000
2015-05-01 15:00,156,24.7,55,1003.5,2.3,290,319.4,NA,NA,6,10,1800
2015-05-01 16:00,156,24.3,55,1003.7,1.5,290,286.1,NA,NA,7,10,2000
2015-05-01 17:00,156,23.9,57,1003.6,1.7,290,152.8,NA,NA,7,10,2000
2015-05-01 18:00,156,22.1,63,1004.4,3.4,270,50,NA,NA,NA,NA,1800
2015-05-01 19:00,156,21,66,1005.2,1.4,250,0,NA,NA,NA,NA,1700
2015-05-01 20:00,156,20.2,69,1005.9,1.4,230,0,NA,NA,0,NA,1500
2015-05-01 21:00,156,19.8,72,1006.5,1.6,230,0,NA,NA,NA,NA,1200
2015-05-01 22:00,156,18.9,74,1006.5,1.6,230,0,NA,NA,NA,NA,1300
2015-05-01 23:00,156,18.4,73,1006.5,1.6,230,0,NA,NA,0,NA,1500
2015-05-02 0:00,156,18,76,1006.2,1.4,230,0,NA,NA,NA,NA,1300
2015-05-02 1:00,156,17.7,77,1005.8,0.3,360,0,NA,NA,NA,NA,1100
2015-05-02 2:00,156,16.4,84,1005.3,0.8,50,0,NA,NA,0,NA,800
2015-05-02 3:00,156,16.3,86,1005,0.3,360,0,NA,NA,0,NA,600
2015-05-02 4:00,156,15.7,89,1004.8,1.1,70,0,NA,NA,0,NA,600
2015-05-02 5:00,156,15.7,89,1005.3,0,0,2.8,NA,NA,1,NA,600
2015-05-02 6:00,156,16.5,87,1005.8,0.4,360,72.2,NA,NA,2,NA,600
2015-05-02 7:00,156,18.2,81,1006.2,0.9,290,275,NA,NA,3,NA,600
2015-05-02 8:00,156,21.2,66,1006,1.2,70,475,NA,NA,4,NA,1800
2015-05-02 9:00,156,23.3,55,1005.7,3.7,200,638.9,NA,NA,5,10,2000
2015-05-02 10:00,156,25.1,49,1005,3.8,200,741.7,NA,NA,6,10,2000
2015-05-02 11:00,156,24.7,46,1004.8,4.9,180,805.6,NA,NA,7,10,2000
2015-05-02 12:00,156,25,47,1004.1,4.4,180,663.9,NA,NA,8,10,2000
2015-05-02 13:00,156,25,48,1003.8,5.5,200,561.1,NA,NA,8,10,2000
2015-05-02 14:00,156,23.6,53,1003.1,4,180,497.2,NA,NA,10,10,2000
2015-05-02 15:00,156,22.9,56,1002.8,3,200,227.8,NA,NA,10,10,2000
2015-05-02 16:00,156,22.7,57,1002.4,2.9,180,200,NA,NA,10,10,2000
2015-05-02 17:00,156,21.9,59,1002,2.3,160,102.8,NA,NA,10,10,2000
2015-05-02 18:00,156,21.1,62,1001.7,2.7,160,33.3,NA,NA,NA,NA,2000
2015-05-02 19:00,156,20.3,63,1001.8,2.3,140,0,NA,NA,NA,NA,2000
2015-05-02 20:00,156,20,64,1001.9,1.9,110,0,NA,NA,10,10,2000
2015-05-02 21:00,156,18.9,75,1002,1.8,110,0,0,NA,10,8,1700
2015-05-02 22:00,156,17.6,88,1000.9,2.1,70,0,1.5,NA,10,8,600
2015-05-02 23:00,156,17.7,90,1000.5,1.2,70,0,1.9,NA,10,8,800
2015-05-03 0:00,156,17.9,88,1000.2,1.2,230,0,1.3,NA,10,8,1200
2015-05-03 1:00,156,17.2,91,999.4,0.5,70,0,3.6,NA,10,8,700
2015-05-03 2:00,156,17.5,89,998.9,2.5,200,0,0.7,NA,10,8,2000
2015-05-03 3:00,156,17.4,89,997.5,1.7,110,0,0.4,NA,10,9,2000
2015-05-03 4:00,156,18,83,997,0.7,290,0,0,NA,10,8,2000
2015-05-03 5:00,156,17.2,89,996.7,2.7,90,0,0.6,NA,10,8,1800
2015-05-03 6:00,156,17.9,85,996.9,1.9,360,8.3,0,NA,10,9,2000
2015-05-03 7:00,156,17.9,87,997.2,1.3,20,16.7,0,NA,10,8,2000
2015-05-03 8:00,156,18.4,86,997.4,2.1,20,55.6,0,NA,10,9,2000
2015-05-03 9:00,156,19,90,997.5,2.6,70,83.3,1.1,NA,10,8,700
2015-05-03 10:00,156,19.1,86,997.4,3.3,70,188.9,0,NA,10,8,2000
2015-05-03 11:00,156,19.6,84,997.1,2.2,70,152.8,0,NA,10,10,2000
2015-05-03 12:00,156,19.9,79,996.7,0.6,200,105.6,NA,NA,10,10,2000
2015-05-03 13:00,156,20.3,77,996.4,0.4,360,127.8,NA,NA,10,10,2000
2015-05-03 14:00,156,19.9,79,996.4,0.7,360,61.1,0,NA,10,8,2000
2015-05-03 15:00,156,19.6,80,996.3,0.3,360,55.6,0,NA,10,10,2000
2015-05-03 16:00,156,19.8,77,996.6,0.6,270,58.3,NA,NA,10,10,2000
2015-05-03 17:00,156,19.2,82,996.8,0.9,340,25,0,NA,10,8,1800
2015-05-03 18:00,156,18.9,84,997.1,0.6,320,5.6,0,NA,10,8,1100
2015-05-03 19:00,156,18.6,88,997.5,1.3,340,0,0,NA,10,10,1100
2015-05-03 20:00,156,18.4,87,998.6,1.6,360,0,NA,NA,10,10,1800
2015-05-03 21:00,156,18.3,85,999.4,1.9,340,0,NA,NA,NA,NA,1200
2015-05-03 22:00,156,16,88,999.9,1.8,290,0,NA,NA,NA,NA,600
2015-05-03 23:00,156,15.2,88,999.9,1.3,270,0,NA,NA,10,10,600
2015-05-04 0:00,156,15.7,88,999.8,0.3,360,0,NA,NA,NA,NA,700
2015-05-04 1:00,156,15.9,87,999.7,1.2,250,0,NA,NA,NA,NA,800
2015-05-04 2:00,156,14.1,87,999.9,2.1,290,0,NA,NA,7,10,1500
2015-05-04 3:00,156,13.6,87,1000.1,0.9,250,0,NA,NA,7,10,1800
2015-05-04 4:00,156,13,87,1000.4,1.5,320,0,NA,NA,6,10,1800
2015-05-04 5:00,156,12.6,87,1001.2,1,270,0,NA,NA,6,10,1500
2015-05-04 6:00,156,13,86,1002,1.4,250,52.8,NA,NA,8,10,1500
2015-05-04 7:00,156,13.7,82,1002.5,0.7,270,147.2,NA,NA,6,10,1300
2015-05-04 8:00,156,15.9,73,1002.4,1.9,230,452.8,NA,NA,0,NA,1500
2015-05-04 9:00,156,17.7,64,1002.4,2,270,655.6,NA,NA,0,NA,1500
2015-05-04 10:00,156,20.4,40,1002.4,1.9,290,808.3,NA,NA,0,NA,2000
2015-05-04 11:00,156,20.5,33,1002.2,2.5,340,888.9,NA,NA,0,NA,2000
2015-05-04 12:00,156,20.9,24,1002.2,4.1,20,875,NA,NA,0,NA,2000
2015-05-04 13:00,156,20.5,27,1002.3,2.5,340,838.9,NA,NA,4,NA,2000
2015-05-04 14:00,156,19.1,24,1002.2,5.4,20,658.3,NA,NA,5,NA,2000
2015-05-04 15:00,156,18,22,1001.9,3.6,360,388.9,NA,NA,5,35,2000
2015-05-04 16:00,156,18,22,1002.4,2.9,360,416.7,NA,NA,4,NA,2000
2015-05-04 17:00,156,16.8,21,1002.7,4.1,20,297.2,NA,NA,5,NA,2000
2015-05-04 18:00,156,14.6,18,1003.4,1.8,340,97.2,NA,NA,NA,NA,2000
2015-05-04 19:00,156,12.7,30,1004.6,2.2,20,0,NA,NA,NA,NA,2000
2015-05-04 20:00,156,12,32,1005.5,2,20,0,NA,NA,5,NA,2000
2015-05-04 21:00,156,11,40,1006,0.6,360,0,NA,NA,NA,NA,2000
2015-05-04 22:00,156,11.3,43,1006.5,1.3,20,0,NA,NA,NA,NA,2000
2015-05-04 23:00,156,10.1,52,1006.1,1,50,0,NA,NA,7,NA,2000
2015-05-05 0:00,156,10.4,51,1005.8,1.3,20,0,NA,NA,NA,NA,2000
2015-05-05 1:00,156,8.6,61,1005.6,1.6,70,0,NA,NA,NA,NA,2000
2015-05-05 2:00,156,8.2,66,1005.7,1.6,70,0,NA,NA,0,NA,2000
2015-05-05 3:00,156,7.7,65,1005.2,1.8,50,0,NA,NA,0,NA,2000
2015-05-05 4:00,156,8.3,66,1005.1,1.3,320,0,NA,NA,0,NA,2000
2015-05-05 5:00,156,6.6,76,1005.3,0.5,50,2.8,NA,NA,0,NA,2300
2015-05-05 6:00,156,8.3,65,1005.3,0.5,20,125,NA,NA,0,NA,2300
2015-05-05 7:00,156,10.8,58,1005.9,0.9,230,327.8,NA,NA,0,NA,2300
2015-05-05 8:00,156,13,47,1005.6,0.9,230,541.7,NA,NA,0,NA,2300
2015-05-05 9:00,156,15.3,37,1005.5,2,270,713.9,NA,NA,0,NA,2300
2015-05-05 10:00,156,16.6,31,1005.1,1.4,270,822.2,NA,NA,0,NA,2300
2015-05-05 11:00,156,18.3,26,1004.8,1.5,340,875,NA,NA,0,NA,2000
2015-05-05 12:00,156,20.1,28,1004.2,2.2,230,883.3,NA,NA,0,NA,2000
2015-05-05 13:00,156,21.8,24,1003.5,2,340,863.9,NA,NA,0,NA,2000
2015-05-05 14:00,156,21.6,25,1002.3,2.7,250,786.1,NA,NA,0,NA,2000
2015-05-05 15:00,156,20.9,26,1002.1,2.5,270,661.1,NA,NA,1,NA,2000
2015-05-05 16:00,156,20,23,1002.2,2.4,290,488.9,NA,NA,1,NA,2000
2015-05-05 17:00,156,19.1,28,1002,2.1,290,283.3,NA,NA,2,NA,2000
2015-05-05 18:00,156,17.1,32,1002.6,2,290,80.6,NA,NA,NA,NA,2000
2015-05-05 19:00,156,15.1,37,1003.2,1.1,290,2.8,NA,NA,NA,NA,2000
2015-05-05 20:00,156,14,32,1003.8,1.1,270,0,NA,NA,6,NA,2000
2015-05-05 21:00,156,13.6,32,1003.8,1.4,250,0,NA,NA,NA,NA,2000
2015-05-05 22:00,156,12.7,43,1003.6,0.6,230,0,NA,NA,NA,NA,2000
2015-05-05 23:00,156,12.1,45,1004,1,270,0,NA,NA,7,NA,2000
2015-05-06 0:00,156,11,54,1003.6,0.2,360,0,NA,NA,NA,NA,2000
2015-05-06 1:00,156,10.5,65,1003.6,0.7,290,0,NA,NA,NA,NA,1800
2015-05-06 2:00,156,9.6,70,1003.4,0.5,250,0,NA,NA,6,NA,2000
2015-05-06 3:00,156,9.4,71,1003.6,0.9,270,0,NA,NA,6,NA,2000
2015-05-06 4:00,156,8.8,71,1003.4,0.4,360,0,NA,NA,7,NA,2000
2015-05-06 5:00,156,8.4,73,1003.2,1.9,50,2.8,NA,NA,7,NA,2000
2015-05-06 6:00,156,9.2,67,1003.7,0.5,250,58.3,NA,NA,7,NA,2000
2015-05-06 7:00,156,10.5,67,1003.7,1.2,230,152.8,NA,NA,8,NA,2000
2015-05-06 8:00,156,12.8,58,1003.1,0.5,290,277.8,NA,NA,7,NA,2000
2015-05-06 9:00,156,14.8,50,1003.3,1.2,270,419.4,NA,NA,7,NA,2000
2015-05-06 10:00,156,17.5,41,1003.6,1.4,250,558.3,NA,NA,8,30,2000
2015-05-06 11:00,156,19.2,34,1003.3,1.7,200,644.4,NA,NA,8,30,2000
2015-05-06 12:00,156,21.2,27,1003.3,1.6,250,669.4,NA,NA,8,30,2000
2015-05-06 13:00,156,21.8,24,1002.6,1.8,250,630.6,NA,NA,8,30,2000
2015-05-06 14:00,156,22.1,23,1002.3,1.6,270,494.4,NA,NA,8,10,2000
2015-05-06 15:00,156,22.7,24,1002.1,2.5,250,366.7,NA,NA,8,10,2000
2015-05-06 16:00,156,21.4,29,1002.2,3.5,230,291.7,NA,NA,8,10,2000
2015-05-06 17:00,156,20.5,31,1002.1,3.1,230,111.1,NA,NA,8,10,2000
2015-05-06 18:00,156,19.3,35,1002.9,3.5,250,50,NA,NA,NA,NA,2000
2015-05-06 19:00,156,17.4,48,1003.5,2.6,230,2.8,NA,NA,NA,NA,2000
2015-05-06 20:00,156,17.1,50,1004.1,1.4,250,0,NA,NA,8,30,2000
2015-05-06 21:00,156,15.9,52,1004.7,1.1,250,0,NA,NA,NA,NA,2000
2015-05-06 22:00,156,15.1,54,1005,1.7,230,0,NA,NA,NA,NA,2000
2015-05-06 23:00,156,14,55,1005.3,1.2,230,0,NA,NA,3,NA,2000
2015-05-07 0:00,156,13,62,1004.8,1.3,180,0,NA,NA,NA,NA,2000
2015-05-07 1:00,156,12.4,64,1004.1,0.8,290,0,NA,NA,NA,NA,2000
2015-05-07 2:00,156,12,66,1004.3,1,250,0,NA,NA,0,NA,2000
2015-05-07 3:00,156,11.3,73,1004.4,0.8,270,0,NA,NA,0,NA,1800
2015-05-07 4:00,156,10.4,76,1004.4,0.3,360,0,NA,NA,0,NA,2000
2015-05-07 5:00,156,10.4,77,1003.7,0.4,360,2.8,NA,NA,0,NA,2000
2015-05-07 6:00,156,11.1,76,1004.5,0.3,360,111.1,NA,NA,0,NA,1600
2015-05-07 7:00,156,13.6,64,1004.7,0.7,340,297.2,NA,NA,0,NA,1800
2015-05-07 8:00,156,16.5,52,1004.7,0.6,360,505.6,NA,NA,0,NA,1800
2015-05-07 9:00,156,18.6,38,1004.5,0.8,50,680.6,NA,NA,0,NA,1800
2015-05-07 10:00,156,20.6,36,1004.5,0.9,250,791.7,NA,NA,1,NA,1800
2015-05-07 11:00,156,23.1,23,1004.2,2.5,250,855.6,NA,NA,0,NA,2000
2015-05-07 12:00,156,24.5,18,1003.7,2.4,250,880.6,NA,NA,1,NA,2000
2015-05-07 13:00,156,25.3,27,1003.5,3.9,230,847.2,NA,NA,0,NA,2000
2015-05-07 14:00,156,25.2,20,1003.2,4.4,270,761.1,NA,NA,1,NA,2300
2015-05-07 15:00,156,24.8,25,1003,2.3,270,638.9,NA,NA,2,NA,2300
2015-05-07 16:00,156,23.5,21,1003.4,2.4,290,455.6,NA,NA,2,NA,2500
2015-05-07 17:00,156,22.5,17,1004.3,2.9,270,205.6,NA,NA,3,NA,2500
2015-05-07 18:00,156,19.3,27,1005,1.6,320,61.1,NA,NA,NA,NA,2000
2015-05-07 19:00,156,17.4,26,1005.4,2,270,0,NA,NA,NA,NA,2000
2015-05-07 20:00,156,16.4,27,1005.8,2.1,270,0,NA,NA,3,NA,2000
2015-05-07 21:00,156,16.3,25,1006.2,0.6,320,0,NA,NA,NA,NA,2000
2015-05-07 22:00,156,14.5,33,1006.3,0.9,180,0,NA,NA,NA,NA,2000
2015-05-07 23:00,156,14.1,36,1006.2,1.3,250,0,NA,NA,0,NA,2000
2015-05-08 0:00,156,13.1,42,1006.5,1.6,230,0,NA,NA,NA,NA,2000
2015-05-08 1:00,156,12.5,46,1006.1,0.6,230,0,NA,NA,NA,NA,2000
2015-05-08 2:00,156,12.2,52,1006.8,0.6,290,0,NA,NA,3,NA,2000
2015-05-08 3:00,156,10.9,60,1006.3,0.8,50,0,NA,NA,0,NA,2000
2015-05-08 4:00,156,11,59,1006,1.3,50,0,NA,NA,0,NA,2000
2015-05-08 5:00,156,10.4,63,1006.3,1.1,290,5.6,NA,NA,0,NA,2000
2015-05-08 6:00,156,11.1,66,1006.6,0.3,360,108.3,NA,NA,0,NA,2000
2015-05-08 7:00,156,13.9,49,1006.4,0.8,360,308.3,NA,NA,0,NA,2000
2015-05-08 8:00,156,15.4,47,1006.3,1,290,497.2,NA,NA,3,NA,2000
2015-05-08 9:00,156,19.6,33,1005.8,1,320,672.2,NA,NA,4,NA,2000
2015-05-08 10:00,156,21.5,32,1005.7,1.2,270,788.9,NA,NA,6,NA,2000
2015-05-08 11:00,156,23.2,29,1004.9,1.1,230,825,NA,NA,6,NA,2000
2015-05-08 12:00,156,24.1,29,1004,1.7,230,752.8,NA,NA,7,NA,2000
2015-05-08 13:00,156,24.1,28,1003.7,2.1,270,572.2,NA,NA,7,NA,2000
2015-05-08 14:00,156,24.1,32,1003.7,2.5,230,486.1,NA,NA,8,NA,2000
2015-05-08 15:00,156,24.1,30,1003.5,1.1,320,350,NA,NA,8,NA,2000
2015-05-08 16:00,156,22.9,35,1002.9,1.8,20,200,NA,NA,10,28,2000
2015-05-08 17:00,156,21.9,40,1003,1.2,360,86.1,NA,NA,10,28,2000
2015-05-08 18:00,156,21,42,1004.1,0.7,270,22.2,NA,NA,NA,NA,2000
2015-05-08 19:00,156,20,46,1004.2,1.1,290,0,NA,NA,NA,NA,2000
2015-05-08 20:00,156,19.6,47,1004.6,0.3,360,0,NA,NA,10,30,2000
2015-05-08 21:00,156,19,53,1005.4,2,250,0,NA,NA,NA,NA,1900
2015-05-08 22:00,156,18.8,54,1005.1,0.5,340,0,0,NA,10,10,2000
2015-05-08 23:00,156,17.6,62,1005.4,1.2,290,0,0,NA,10,8,1800
2015-05-09 0:00,156,14.9,86,1006.1,1.1,200,0,1,NA,10,8,1500
2015-05-09 1:00,156,14.5,87,1005.8,1.4,180,0,0,NA,10,8,1200
2015-05-09 2:00,156,14.3,88,1005.2,2.7,50,0,0.5,NA,10,8,1200
2015-05-09 3:00,156,13.6,88,1004.9,1.9,70,0,0,NA,10,10,1200
2015-05-09 4:00,156,13.4,87,1004.8,1.9,50,0,0,NA,10,8,1500
2015-05-09 5:00,156,13.5,88,1004.9,2.8,20,0,0,NA,10,8,1500
2015-05-09 6:00,156,14.3,86,1004.7,2.7,50,55.6,0,NA,10,10,1200
2015-05-09 7:00,156,15.7,78,1004.5,4,70,155.6,NA,NA,7,30,1200
2015-05-09 8:00,156,17.5,70,1004.5,3.2,50,430.6,NA,NA,4,10,1200
2015-05-09 9:00,156,19.1,59,1005,3.2,50,513.9,NA,NA,3,30,1200
2015-05-09 10:00,156,20.8,50,1004.9,3.4,70,811.1,NA,NA,5,10,1500
2015-05-09 11:00,156,21.4,52,1004.6,2.8,70,602.8,NA,NA,8,30,1800
2015-05-09 12:00,156,22.2,42,1002.9,1.9,20,886.1,NA,NA,2,10,1800
2015-05-09 13:00,156,23.7,38,1002.6,1.8,90,872.2,NA,NA,2,10,2000
2015-05-09 14:00,156,24.6,36,1002,2.5,20,769.4,NA,NA,4,10,2000
2015-05-09 15:00,156,24.5,37,1002,1.8,270,577.8,NA,NA,5,10,2000
2015-05-09 16:00,156,23.3,42,1002.2,2.4,340,433.3,NA,NA,2,10,2000
2015-05-09 17:00,156,22,45,1002.4,2.5,360,252.8,NA,NA,0,NA,2000
2015-05-09 18:00,156,20.3,51,1003.1,1.9,320,80.6,NA,NA,NA,NA,2000
2015-05-09 19:00,156,17.8,57,1004.7,1.8,290,0,NA,NA,NA,NA,2000
2015-05-09 20:00,156,16.2,66,1006.2,2,250,0,NA,NA,0,NA,2000
2015-05-09 21:00,156,15.3,71,1006.8,1.5,230,0,NA,NA,NA,NA,1900
2015-05-09 22:00,156,15,72,1007.4,1,320,0,NA,NA,NA,NA,1900
2015-05-09 23:00,156,14.7,74,1007.1,0.8,200,0,NA,NA,0,NA,1700
2015-05-10 0:00,156,14.4,77,1006.9,0.8,270,0,NA,NA,NA,NA,1500
2015-05-10 1:00,156,13.6,81,1007.5,1.1,250,0,NA,NA,NA,NA,1000
2015-05-10 2:00,156,13,84,1007.4,1,230,0,NA,NA,0,NA,700
2015-05-10 3:00,156,12.8,85,1007.4,0.3,360,0,NA,NA,0,NA,800
2015-05-10 4:00,156,12.8,86,1007.4,0.7,290,0,NA,NA,0,NA,700
2015-05-10 5:00,156,12.2,88,1008.1,0.3,360,2.8,NA,NA,0,NA,700
2015-05-10 6:00,156,12.9,87,1008.7,0.8,250,86.1,NA,NA,0,NA,700
2015-05-10 7:00,156,14.6,79,1009.3,0.4,360,261.1,NA,NA,0,NA,700
2015-05-10 8:00,156,17.5,71,1009.6,1.4,250,461.1,NA,NA,0,NA,900
2015-05-10 9:00,156,19.1,62,1009.6,1,320,633.3,NA,NA,0,NA,1100
2015-05-10 10:00,156,20.5,55,1009.3,1.1,250,761.1,NA,NA,0,NA,1200
2015-05-10 11:00,156,22.9,47,1009,1.6,200,838.9,NA,NA,1,10,1500
2015-05-10 12:00,156,24.1,43,1008.5,2.2,200,875,NA,NA,2,10,1500
2015-05-10 13:00,156,25.6,33,1008.1,1.3,360,850,NA,NA,2,10,1800
2015-05-10 14:00,156,26.6,34,1007.8,2,270,750,NA,NA,2,10,1800
2015-05-10 15:00,156,26.2,32,1007.5,2.4,230,616.7,NA,NA,2,10,2000
2015-05-10 16:00,156,26.5,32,1007.5,2.4,270,441.7,NA,NA,2,10,2000
2015-05-10 17:00,156,24.2,50,1008.2,3.1,250,247.2,NA,NA,5,10,2000
2015-05-10 18:00,156,22.3,59,1009,3.5,250,38.9,NA,NA,NA,NA,1400
2015-05-10 19:00,156,21.2,61,1010.2,2.8,270,0,NA,NA,NA,NA,1500
2015-05-10 20:00,156,20.1,66,1010.9,3.4,230,0,NA,NA,2,10,1500
2015-05-10 21:00,156,18.6,67,1011.2,2.3,200,0,NA,NA,NA,NA,1700
2015-05-10 22:00,156,17.7,72,1011.4,2,200,0,NA,NA,NA,NA,1500
2015-05-10 23:00,156,16.6,76,1010.7,0.5,140,0,NA,NA,2,NA,1300
2015-05-11 0:00,156,16.8,75,1010.2,1.7,230,0,NA,NA,NA,NA,1300
2015-05-11 1:00,156,16.1,72,1009.7,0.9,50,0,NA,NA,NA,NA,1400
2015-05-11 2:00,156,15.8,77,1009.6,0.4,360,0,NA,NA,5,NA,1100
2015-05-11 3:00,156,15.1,79,1009.2,0,0,0,NA,NA,5,NA,1100
2015-05-11 4:00,156,14.5,80,1008.3,1.3,50,0,NA,NA,8,NA,1100
2015-05-11 5:00,156,14.8,77,1008.2,1.1,50,2.8,NA,NA,10,28,1100
2015-05-11 6:00,156,15.9,72,1008.4,0.7,320,66.7,NA,NA,10,28,1100
2015-05-11 7:00,156,17.2,66,1008.3,1.6,20,152.8,NA,NA,10,28,1300
2015-05-11 8:00,156,19.9,45,1007.7,2.4,200,250,NA,NA,10,28,2000
2015-05-11 9:00,156,20,45,1007.2,5.8,200,311.1,NA,NA,10,10,2000
2015-05-11 10:00,156,21.5,47,1006.1,1.9,110,336.1,NA,NA,10,10,2000
2015-05-11 11:00,156,19.9,50,1006.3,4.8,180,211.1,NA,NA,10,10,2000
2015-05-11 12:00,156,20.2,55,1004.4,5.6,180,266.7,0,NA,10,8,2000
2015-05-11 13:00,156,18.7,58,1003.1,5.3,180,188.9,0,NA,10,8,2000
2015-05-11 14:00,156,17.4,73,1002.2,3.3,160,119.4,0.2,NA,10,8,2000
2015-05-11 15:00,156,16.3,85,1000.4,2.7,140,97.2,1.3,NA,10,8,1300
2015-05-11 16:00,156,16.3,85,998.1,3.5,110,44.4,2,NA,10,8,1200
2015-05-11 17:00,156,17.2,82,996.3,5.9,160,30.6,2.5,NA,10,8,1200
2015-05-11 18:00,156,17.4,85,994.7,6,160,0,4,NA,10,8,1200
2015-05-11 19:00,156,17.4,86,994.8,5.3,200,0,2.5,NA,10,8,1000
2015-05-11 20:00,156,18.1,83,994.4,5.2,180,0,0.5,NA,10,8,1500
2015-05-11 21:00,156,17.8,84,994.2,5.5,200,0,0,NA,10,10,2000
2015-05-11 22:00,156,17.8,90,994.2,5.1,200,0,2.5,NA,10,8,900
2015-05-11 23:00,156,17.5,91,994.3,6,230,0,3.5,NA,10,8,600
2015-05-12 0:00,156,14.9,90,995.9,6.2,250,0,4.5,NA,10,8,500
2015-05-12 1:00,156,13.6,90,996,3.7,250,0,3,NA,10,8,800
2015-05-12 2:00,156,13.1,91,996,3.5,250,0,1.5,NA,10,8,1500
2015-05-12 3:00,156,12.8,89,996.4,3.9,270,0,0.5,NA,10,8,1500
2015-05-12 4:00,156,12.3,90,996.7,2.8,270,0,0.5,NA,10,8,1200
2015-05-12 5:00,156,11.9,87,997.4,2.3,270,0,0,NA,10,10,1500
2015-05-12 6:00,156,12,84,998.1,2.6,250,69.4,NA,NA,7,10,1800
2015-05-12 7:00,156,13.2,75,998.2,3,270,238.9,NA,NA,3,10,2000
2015-05-12 8:00,156,14.3,58,997.8,3.5,250,544.4,NA,NA,1,10,2000
2015-05-12 9:00,156,16.2,53,997.4,3.8,250,708.3,NA,NA,0,NA,2000
2015-05-12 10:00,156,17.5,52,996.5,4.9,230,816.7,NA,NA,2,10,2000
2015-05-12 11:00,156,18.3,46,996.3,6.4,270,783.3,NA,NA,3,10,2000
2015-05-12 12:00,156,19.9,47,995.4,4.8,250,872.2,NA,NA,2,10,2000
2015-05-12 13:00,156,19.2,55,994.8,6.7,230,708.3,NA,NA,4,10,1800
2015-05-12 14:00,156,19.8,56,994.4,5.3,230,627.8,NA,NA,3,10,1600
2015-05-12 15:00,156,19.6,53,994.1,4.8,230,569.4,NA,NA,2,10,2000
2015-05-12 16:00,156,19.2,51,994,6,230,480.6,NA,NA,1,10,2000
2015-05-12 17:00,156,18.1,57,994.2,6.4,230,272.2,NA,NA,0,NA,2000
2015-05-12 18:00,156,16.4,59,995.1,3.9,250,88.9,NA,NA,NA,NA,1900
2015-05-12 19:00,156,15.5,66,995.3,5.1,230,2.8,NA,NA,NA,NA,1800
2015-05-12 20:00,156,15.6,69,995.6,4,230,0,NA,NA,6,10,1500
2015-05-12 21:00,156,14.8,79,996.2,2.4,230,0,0.5,NA,10,8,1200
2015-05-12 22:00,156,14.8,78,996.6,4.5,230,0,0,NA,5,10,1500
2015-05-12 23:00,156,15.1,74,996.9,4,230,0,NA,NA,0,NA,1800
2015-05-13 0:00,156,15,75,997.3,2.8,230,0,NA,NA,NA,NA,1700
2015-05-13 1:00,156,15.1,74,997.3,3.2,230,0,NA,NA,NA,NA,1900
2015-05-13 2:00,156,14.9,74,997.6,3.5,200,0,NA,NA,0,NA,1800
2015-05-13 3:00,156,14.9,73,997.8,3.8,200,0,NA,NA,0,NA,1800
2015-05-13 4:00,156,14.3,74,997.8,1.7,180,0,NA,NA,0,NA,2000
2015-05-13 5:00,156,14.2,75,998,2.2,200,5.6,NA,NA,0,NA,2000
2015-05-13 6:00,156,15.3,72,998.9,2.6,200,119.4,NA,NA,0,NA,2000
2015-05-13 7:00,156,17.3,63,999.3,4,200,316.7,NA,NA,0,NA,2000
2015-05-13 8:00,156,20.2,57,999.5,3.5,230,508.3,NA,NA,0,NA,2000
2015-05-13 9:00,156,22.1,49,1000,5.1,230,675,NA,NA,2,NA,2000
2015-05-13 10:00,156,23.5,40,1000.5,7,250,802.8,NA,NA,2,NA,2000
2015-05-13 11:00,156,24.7,35,1000.5,6,270,877.8,NA,NA,2,NA,2000
2015-05-13 12:00,156,25.2,32,1000.1,5.7,250,905.6,NA,NA,1,NA,2000
2015-05-13 13:00,156,26,33,1000.1,5.6,250,880.6,NA,NA,0,NA,2000
2015-05-13 14:00,156,26,28,1000.1,5.2,250,800,NA,NA,0,NA,2000
2015-05-13 15:00,156,25.8,27,999.8,5.7,250,666.7,NA,NA,1,NA,2000
2015-05-13 16:00,156,24.4,26,1000.1,6.8,250,494.4,NA,NA,2,NA,2000
2015-05-13 17:00,156,23.5,31,1000.2,5.3,250,300,NA,NA,1,NA,2000
2015-05-13 18:00,156,21.8,31,1000.2,6.3,230,102.8,NA,NA,NA,NA,2000
2015-05-13 19:00,156,20.3,37,1000.6,4.1,230,2.8,NA,NA,NA,NA,2000
2015-05-13 20:00,156,19,53,1001.6,4.7,230,0,NA,NA,0,NA,2000
2015-05-13 21:00,156,19,35,1002,3.8,200,0,NA,NA,NA,NA,2000
2015-05-13 22:00,156,18.3,35,1002.1,3.5,180,0,NA,NA,NA,NA,2000
2015-05-13 23:00,156,18,30,1002.1,2.5,200,0,NA,NA,2,NA,2000
2015-05-14 0:00,156,18,30,1001.5,3.8,180,0,NA,NA,NA,NA,2000
2015-05-14 1:00,156,18.4,29,1000.9,2.6,180,0,NA,NA,NA,NA,2000
2015-05-14 2:00,156,18.9,31,1000.4,3,180,0,NA,NA,6,10,2000
2015-05-14 3:00,156,18.8,36,1000.7,2.2,200,0,NA,NA,6,10,2000
2015-05-14 4:00,156,18.6,44,1000.8,1.4,200,0,NA,NA,7,10,2000
2015-05-14 5:00,156,18.8,53,1000.7,2.9,200,2.8,NA,NA,7,10,2000
2015-05-14 6:00,156,19.2,60,1000.8,3.1,180,38.9,NA,NA,8,10,2000
2015-05-14 7:00,156,20,60,1000.8,3.9,180,113.9,NA,NA,8,10,2000
2015-05-14 8:00,156,20.7,64,1000.7,3.9,180,252.8,NA,NA,8,10,2000
2015-05-14 9:00,156,21.5,65,1000.8,3.9,180,369.4,NA,NA,8,10,2000
2015-05-14 10:00,156,23.1,65,1001.1,2.7,230,430.6,NA,NA,6,10,1800
2015-05-14 11:00,156,23.6,61,1000.7,3,180,741.7,NA,NA,6,10,1800
2015-05-14 12:00,156,25.4,59,1000.1,3.6,230,808.3,NA,NA,6,10,1800
2015-05-14 13:00,156,26.8,54,999.7,5,200,802.8,NA,NA,6,10,1800
2015-05-14 14:00,156,27.3,53,999.3,3.3,230,736.1,NA,NA,6,NA,1800
2015-05-14 15:00,156,27.2,53,998.9,3.3,250,591.7,NA,NA,3,NA,1800
2015-05-14 16:00,156,26.2,55,999.3,4.7,250,411.1,NA,NA,1,NA,1800
2015-05-14 17:00,156,24.8,56,999.8,3.7,230,194.4,NA,NA,5,10,1800
2015-05-14 18:00,156,23.4,61,1000.2,5.5,230,38.9,NA,NA,NA,NA,1600
2015-05-14 19:00,156,22.6,64,1000.8,4.1,230,0,NA,NA,NA,NA,1500
2015-05-14 20:00,156,22.1,68,1001.4,4,230,0,NA,NA,8,10,1200
2015-05-14 21:00,156,21.6,68,1002.2,3.8,230,0,NA,NA,NA,NA,1400
2015-05-14 22:00,156,21.3,70,1001.8,2.8,230,0,NA,NA,NA,NA,1600
2015-05-14 23:00,156,20.8,74,1002,4.1,230,0,NA,NA,8,10,1600
2015-05-15 0:00,156,20.5,76,1001.9,3.8,230,0,NA,NA,NA,NA,1500
2015-05-15 1:00,156,20.3,77,1001.6,2.6,250,0,NA,NA,NA,NA,1200
2015-05-15 2:00,156,19.7,80,1001.4,1.5,230,0,NA,NA,7,10,900
2015-05-15 3:00,156,19.3,82,1001.1,3,230,0,NA,NA,7,10,900
2015-05-15 4:00,156,19.1,82,1001.3,1.5,250,0,NA,NA,7,10,800
2015-05-15 5:00,156,19.6,80,1001.4,2.6,230,5.6,NA,NA,6,10,1200
2015-05-15 6:00,156,19.9,79,1001.9,2.6,230,72.2,NA,NA,7,10,1500
2015-05-15 7:00,156,20.7,77,1002.4,3.2,250,194.4,NA,NA,8,10,1300
2015-05-15 8:00,156,21.7,75,1002.1,2.9,200,269.4,NA,NA,10,10,1300
2015-05-15 9:00,156,23.1,69,1001.4,1,230,480.6,NA,NA,10,28,1300
2015-05-15 10:00,156,24,66,1001.6,1.6,290,513.9,NA,NA,10,10,1300
2015-05-15 11:00,156,25.2,62,1001.1,1.2,250,483.3,NA,NA,10,10,1300
2015-05-15 12:00,156,24.6,64,1000.6,1.7,340,436.1,NA,NA,10,10,1300
2015-05-15 13:00,156,24.1,65,1000.2,1.7,20,277.8,NA,NA,10,10,1100
2015-05-15 14:00,156,24.4,64,1000.4,1.2,270,233.3,NA,NA,10,10,1100
2015-05-15 15:00,156,23.9,69,999.8,1.3,290,225,NA,NA,10,10,1300
2015-05-15 16:00,156,23.2,73,999.6,3.7,230,108.3,NA,NA,10,10,1500
2015-05-15 17:00,156,21.7,77,1000.1,3.5,250,33.3,0,NA,10,8,1100
2015-05-15 18:00,156,19.7,85,1000.4,2.7,230,8.3,0.1,NA,10,8,600
2015-05-15 19:00,156,18.7,88,1000.8,1.4,270,0,0.4,NA,10,8,500
2015-05-15 20:00,156,17.6,88,1000.9,2,250,0,0.5,NA,10,8,500
2015-05-15 21:00,156,17.6,86,1001.8,1.4,270,0,0,NA,10,8,500
2015-05-15 22:00,156,17,89,1001.1,0.6,90,0,0,NA,8,10,500
2015-05-15 23:00,156,16.7,89,1001,0.6,50,0,NA,NA,6,10,300
2015-05-16 0:00,156,16.5,90,1001.2,1.1,340,0,NA,NA,NA,NA,210
2015-05-16 1:00,156,16.1,89,1001.1,1.6,50,0,NA,NA,NA,NA,300
2015-05-16 2:00,156,14.9,90,1000.9,2.2,50,0,NA,NA,3,10,300
2015-05-16 3:00,156,15,90,1001.1,1.4,20,0,NA,NA,3,10,300
2015-05-16 4:00,156,14.9,90,1001.4,2,20,0,NA,NA,3,10,300
2015-05-16 5:00,156,14.5,91,1001.6,0.6,20,5.6,NA,NA,3,10,200
2015-05-16 6:00,156,15.1,90,1002.1,0.6,340,122.2,NA,NA,3,NA,200
2015-05-16 7:00,156,15.7,88,1002.6,1.3,320,302.8,NA,NA,0,NA,500
2015-05-16 8:00,156,18.9,72,1002.7,0.7,50,480.6,NA,NA,5,NA,500
2015-05-16 9:00,156,20.9,55,1002.6,1.1,320,633.3,NA,NA,5,NA,900
2015-05-16 10:00,156,22.3,33,1002.5,4.1,20,775,NA,NA,5,NA,2000
2015-05-16 11:00,156,24.4,22,1002.3,2.6,50,863.9,NA,NA,5,NA,2000
2015-05-16 12:00,156,25.3,22,1001.8,4.9,50,961.1,NA,NA,4,NA,2000
2015-05-16 13:00,156,26.5,19,1001.7,3.5,50,941.7,NA,NA,0,NA,2000
2015-05-16 14:00,156,26.7,20,1001.3,2.3,50,825,NA,NA,0,NA,2300
2015-05-16 15:00,156,25.7,19,1001,2.9,20,683.3,NA,NA,0,NA,2500
2015-05-16 16:00,156,24.7,21,1001,3.4,20,505.6,NA,NA,0,NA,2500
2015-05-16 17:00,156,23.9,24,1001.4,2.9,20,300,NA,NA,0,NA,2500
2015-05-16 18:00,156,21.9,23,1001.8,1.6,20,108.3,NA,NA,NA,NA,2000
2015-05-16 19:00,156,19.7,25,1002.5,2.1,20,5.6,NA,NA,NA,NA,2000
2015-05-16 20:00,156,18.5,27,1003.5,0.5,270,0,NA,NA,0,NA,2000
2015-05-16 21:00,156,18.6,32,1004.1,0.6,290,0,NA,NA,NA,NA,2000
2015-05-16 22:00,156,16.6,40,1004.4,0.5,50,0,NA,NA,NA,NA,260
2015-05-16 23:00,156,15.1,48,1004.4,0.1,360,0,NA,NA,0,NA,2000
2015-05-17 0:00,156,14.5,53,1004.1,0.3,360,0,NA,NA,NA,NA,2000
2015-05-17 1:00,156,13.5,60,1003.9,1.1,250,0,NA,NA,NA,NA,1800
2015-05-17 2:00,156,13.1,61,1003.8,1,270,0,NA,NA,0,NA,2000
2015-05-17 3:00,156,11.7,72,1003.8,0.1,360,0,NA,NA,0,NA,2000
2015-05-17 4:00,156,11.8,72,1004.1,0,0,0,NA,NA,1,NA,2000
2015-05-17 5:00,156,11.3,72,1004.7,1.1,250,8.3,NA,NA,2,NA,2000
2015-05-17 6:00,156,12.6,67,1004.8,0.7,200,158.3,NA,NA,5,NA,2000
2015-05-17 7:00,156,15.2,60,1004.9,0.4,360,322.2,NA,NA,7,10,1800
2015-05-17 8:00,156,16,58,1005.3,0.6,320,327.8,NA,NA,8,30,1800
2015-05-17 9:00,156,18.5,50,1004.8,0.7,320,416.7,NA,NA,9,30,1800
2015-05-17 10:00,156,22.9,32,1003.9,2.6,50,711.1,NA,NA,7,10,2000
2015-05-17 11:00,156,24.8,26,1003.4,3,70,902.8,NA,NA,7,30,2000
2015-05-17 12:00,156,25.6,25,1002.6,1.6,50,775,NA,NA,9,30,2300
2015-05-17 13:00,156,25.7,16,1001.9,2.1,180,588.9,NA,NA,8,30,2300
2015-05-17 14:00,156,25.9,19,1001.8,4.2,230,636.1,NA,NA,9,30,2300
2015-05-17 15:00,156,25.6,21,1001.1,3.2,230,441.7,NA,NA,8,NA,2300
2015-05-17 16:00,156,24.4,18,1001.4,3.9,200,336.1,NA,NA,9,NA,2300
2015-05-17 17:00,156,23.5,20,1001.3,4,230,155.6,NA,NA,8,NA,2300
2015-05-17 18:00,156,22.3,24,1001.4,3.5,200,69.4,NA,NA,NA,NA,2000
2015-05-17 19:00,156,20.9,25,1001.6,2.6,230,2.8,NA,NA,NA,NA,2000
2015-05-17 20:00,156,20.4,29,1001.7,1.8,200,0,NA,NA,7,NA,2000
2015-05-17 21:00,156,18.9,35,1001.1,1.2,160,0,NA,NA,NA,NA,2000
2015-05-17 22:00,156,19.2,28,1001.1,0.4,360,0,NA,NA,NA,NA,2000
2015-05-17 23:00,156,18.6,36,1000.8,1.8,250,0,NA,NA,8,30,2000
2015-05-18 0:00,156,18.1,41,1000.3,0.7,340,0,NA,NA,NA,NA,2000
2015-05-18 1:00,156,17,48,999.9,0.2,360,0,NA,NA,NA,NA,2000
2015-05-18 2:00,156,16.8,49,999.8,0.5,50,0,NA,NA,10,10,2000
2015-05-18 3:00,156,16.8,53,999.4,0.1,360,0,NA,NA,10,10,2000
2015-05-18 4:00,156,16.2,56,999.4,1.9,230,0,0.1,NA,10,8,2000
2015-05-18 5:00,156,15.7,62,999.6,0.9,140,0,0.2,NA,10,8,2000
2015-05-18 6:00,156,12.9,82,999.2,1.8,70,13.9,0.7,NA,10,8,2000
2015-05-18 7:00,156,15.3,70,999.2,1.2,250,52.8,0,NA,10,8,2000
2015-05-18 8:00,156,16.5,62,998.8,1.5,160,102.8,0,NA,10,8,2000
2015-05-18 9:00,156,16.5,68,998.4,1.4,90,194.4,0,NA,10,8,2000
2015-05-18 10:00,156,15.4,71,998,2.8,200,169.4,0.5,NA,10,8,2000
2015-05-18 11:00,156,16.1,71,997.6,1,20,205.6,0,NA,10,8,1300
2015-05-18 12:00,156,15.1,80,996.4,1.8,70,205.6,0.5,NA,10,8,1500
2015-05-18 13:00,156,16.4,75,995.8,2.9,70,352.8,0,NA,10,10,1800
2015-05-18 14:00,156,16.3,76,995,3.3,70,244.4,NA,NA,10,10,2000
2015-05-18 15:00,156,17.1,71,995.5,1.1,90,172.2,NA,NA,10,10,2000
2015-05-18 16:00,156,16.8,73,994.9,1.8,70,75,NA,NA,10,28,2000
2015-05-18 17:00,156,16.6,73,995.3,0.3,360,36.1,NA,NA,10,28,2000
2015-05-18 18:00,156,16.5,75,995.4,0.2,360,13.9,NA,NA,NA,NA,2000
2015-05-18 19:00,156,16.1,80,994.9,2,180,2.8,NA,NA,NA,NA,2000
2015-05-18 20:00,156,16.3,78,996.2,0.5,250,0,NA,NA,7,NA,1500
2015-05-18 21:00,156,15.8,82,996.9,0.7,320,0,NA,NA,NA,NA,1100
2015-05-18 22:00,156,14.8,88,997.6,1.4,200,0,NA,NA,NA,NA,1100
2015-05-18 23:00,156,14.8,85,998.1,1.4,250,0,NA,NA,3,10,1100
2015-05-19 0:00,156,14.2,87,998.2,1,230,0,NA,NA,NA,NA,900
2015-05-19 1:00,156,13.6,90,998.1,0.5,200,0,NA,NA,NA,NA,600
2015-05-19 2:00,156,13.9,89,998.1,0.7,270,0,NA,NA,4,10,700
2015-05-19 3:00,156,13.9,90,998.1,0.6,200,0,NA,NA,2,10,500
2015-05-19 4:00,156,14,88,998.5,0.7,200,0,NA,NA,0,NA,500
2015-05-19 5:00,156,13.7,89,998.6,1.6,70,0,NA,NA,0,NA,300
2015-05-19 6:00,156,13.6,89,999.4,1.4,70,30.6,NA,NA,0,NA,300
2015-05-19 7:00,156,14.2,87,1000.1,1,50,80.6,NA,NA,0,NA,400
2015-05-19 8:00,156,15.5,82,1000.1,0.6,230,247.2,NA,NA,6,10,700
2015-05-19 9:00,156,17.5,74,1000.5,0.9,270,583.3,NA,NA,4,10,800
2015-05-19 10:00,156,18.6,71,1000.4,2.5,250,780.6,NA,NA,3,10,800
2015-05-19 11:00,156,20.8,61,999.5,1.6,250,855.6,NA,NA,0,NA,1100
2015-05-19 12:00,156,22.3,59,999,2.1,250,886.1,NA,NA,0,NA,1500
2015-05-19 13:00,156,23.8,52,998.4,2.5,270,858.3,NA,NA,0,NA,1800
2015-05-19 14:00,156,25.5,51,997.7,3.2,230,758.3,NA,NA,0,NA,1800
2015-05-19 15:00,156,26.1,50,997.1,1.9,250,622.2,NA,NA,0,NA,1800
2015-05-19 16:00,156,25.8,48,996.9,3.1,230,450,NA,NA,0,NA,1800
2015-05-19 17:00,156,25.4,47,996.9,2.4,250,263.9,NA,NA,0,NA,2000
2015-05-19 18:00,156,23.5,51,997.6,3.6,270,97.2,NA,NA,NA,NA,2000
2015-05-19 19:00,156,21,58,998.5,2.9,250,0,NA,NA,NA,NA,1400
2015-05-19 20:00,156,19.3,75,999.4,2.6,270,0,NA,NA,0,NA,1100
2015-05-19 21:00,156,17.3,81,1000.2,1.8,270,0,NA,NA,NA,NA,700
2015-05-19 22:00,156,16.8,83,1000,1.8,270,0,NA,NA,NA,NA,600
2015-05-19 23:00,156,16.4,84,1000.2,1.4,320,0,NA,NA,4,10,700
2015-05-20 0:00,156,16.3,84,999.9,0.4,360,0,NA,NA,NA,NA,700
2015-05-20 1:00,156,16.6,78,999.4,1.7,50,0,NA,NA,NA,NA,900
2015-05-20 2:00,156,16.1,71,999,2.1,50,0,NA,NA,3,30,1200
2015-05-20 3:00,156,15.1,80,999.2,1.8,50,0,NA,NA,0,NA,1100
2015-05-20 4:00,156,14.6,83,999.5,0.4,360,0,NA,NA,0,NA,900
2015-05-20 5:00,156,13.9,85,999.7,0.2,360,13.9,NA,NA,4,NA,1100
2015-05-20 6:00,156,14.7,78,1000.2,0.8,250,125,NA,NA,5,NA,1200
2015-05-20 7:00,156,16.8,67,1000.6,0.8,270,330.6,NA,NA,4,NA,1600
2015-05-20 8:00,156,18.2,55,1000.8,1.1,290,519.4,NA,NA,3,NA,2000
2015-05-20 9:00,156,19.9,41,1000.7,1.4,320,691.7,NA,NA,1,NA,2000
2015-05-20 10:00,156,22,28,1000.4,2.1,360,811.1,NA,NA,0,NA,2000
2015-05-20 11:00,156,22.4,29,1000.5,3.1,360,922.2,NA,NA,0,NA,2000
2015-05-20 12:00,156,22.9,27,1000.5,3.4,360,963.9,NA,NA,2,10,2000
2015-05-20 13:00,156,22.7,25,1000.3,4.8,20,927.8,NA,NA,2,10,2000
2015-05-20 14:00,156,22,24,1000.8,3.9,320,830.6,NA,NA,1,10,2000
2015-05-20 15:00,156,21.6,27,1000.8,2.9,320,686.1,NA,NA,0,NA,2000
2015-05-20 16:00,156,20.8,28,1001.2,2.3,360,513.9,NA,NA,0,NA,2000
2015-05-20 17:00,156,18.5,34,1001.7,3.3,320,316.7,NA,NA,0,NA,2000
2015-05-20 18:00,156,16.4,41,1002.3,2.9,340,125,NA,NA,NA,NA,2000
2015-05-20 19:00,156,14.8,54,1002.7,2,340,5.6,NA,NA,NA,NA,2000
2015-05-20 20:00,156,14.1,57,1003.4,0.8,50,0,NA,NA,0,NA,2000
2015-05-20 21:00,156,13.5,63,1004.3,1,290,0,NA,NA,NA,NA,2000
2015-05-20 22:00,156,13.3,66,1005.2,0.7,360,0,NA,NA,NA,NA,2000
2015-05-20 23:00,156,12.9,68,1005.6,0.4,360,0,NA,NA,0,NA,2000
2015-05-21 0:00,156,12.6,71,1005.4,0.7,270,0,NA,NA,NA,NA,2000
2015-05-21 1:00,156,12.3,75,1005.8,1.3,250,0,NA,NA,NA,NA,2000
2015-05-21 2:00,156,11.4,81,1006,0.3,360,0,NA,NA,0,NA,2000
2015-05-21 3:00,156,11.1,80,1006.3,1.4,200,0,NA,NA,0,NA,2000
2015-05-21 4:00,156,11.3,81,1006.8,0.7,250,0,NA,NA,0,NA,1800
2015-05-21 5:00,156,11,84,1007.3,0.6,290,11.1,NA,NA,0,NA,1800
2015-05-21 6:00,156,11.9,80,1007.4,0.6,250,147.2,NA,NA,0,NA,1800
2015-05-21 7:00,156,13.7,72,1007.8,0.9,200,338.9,NA,NA,0,NA,1800
2015-05-21 8:00,156,16.1,66,1008.3,1.5,250,533.3,NA,NA,0,NA,1800
2015-05-21 9:00,156,18.2,55,1008.3,1,290,700,NA,NA,1,NA,2000
2015-05-21 10:00,156,21,46,1007.9,1.4,340,816.7,NA,NA,2,NA,2000
2015-05-21 11:00,156,23.3,38,1007.2,1.8,360,905.6,NA,NA,2,NA,2000
2015-05-21 12:00,156,24.8,30,1006.7,1.6,270,938.9,NA,NA,2,NA,2000
2015-05-21 13:00,156,25.9,26,1006.5,2.1,290,905.6,NA,NA,4,NA,2000
2015-05-21 14:00,156,25.5,23,1005.9,1.9,320,825,NA,NA,5,NA,2000
2015-05-21 15:00,156,25.9,19,1005.4,2.3,360,666.7,NA,NA,5,NA,2000
2015-05-21 16:00,156,25.4,22,1005.7,3.2,20,419.4,NA,NA,7,NA,2000
2015-05-21 17:00,156,23.8,26,1006.1,2.1,360,252.8,NA,NA,8,NA,2000
2015-05-21 18:00,156,22.5,28,1006.2,1.3,20,77.8,NA,NA,NA,NA,2000
2015-05-21 19:00,156,21.3,34,1006.7,2.1,320,5.6,NA,NA,NA,NA,2000
2015-05-21 20:00,156,20.3,38,1007.3,1.5,340,0,NA,NA,8,NA,2000
2015-05-21 21:00,156,19.3,40,1007.9,1.2,250,0,NA,NA,NA,NA,2000
2015-05-21 22:00,156,18.9,47,1008.1,1.7,250,0,NA,NA,NA,NA,2000
2015-05-21 23:00,156,18,47,1007.4,0.8,180,0,NA,NA,8,NA,2000
2015-05-22 0:00,156,17.9,52,1007.5,1.9,250,0,NA,NA,NA,NA,2000
2015-05-22 1:00,156,16.9,60,1007.9,0.8,250,0,NA,NA,NA,NA,2000
2015-05-22 2:00,156,15.5,68,1007.5,1.3,50,0,NA,NA,7,NA,2000
2015-05-22 3:00,156,16.2,63,1007.5,0.7,320,0,NA,NA,7,NA,2000
2015-05-22 4:00,156,15.3,70,1007.9,0.3,360,0,NA,NA,7,35,2000
2015-05-22 5:00,156,15,69,1008,1.5,70,5.6,NA,NA,7,35,2000
2015-05-22 6:00,156,16,67,1008.3,2.2,270,94.4,NA,NA,7,35,2000
2015-05-22 7:00,156,16.8,62,1008.4,0.5,180,225,NA,NA,8,35,2000
2015-05-22 8:00,156,21,49,1008,2.4,70,427.8,NA,NA,6,NA,2000
2015-05-22 9:00,156,23.1,26,1007.6,1.4,50,630.6,NA,NA,7,NA,2000
2015-05-22 10:00,156,24.6,22,1007.5,0.7,50,811.1,NA,NA,7,NA,2000
2015-05-22 11:00,156,26.1,23,1006.9,2.1,360,869.4,NA,NA,7,NA,2000
2015-05-22 12:00,156,27,23,1006.4,1.8,250,791.7,NA,NA,6,NA,2000
2015-05-22 13:00,156,28,16,1005.4,1.1,360,852.8,NA,NA,6,NA,2000
2015-05-22 14:00,156,28,18,1004.7,1.5,340,672.2,NA,NA,8,NA,2000
2015-05-22 15:00,156,27.2,20,1004.2,2.2,250,488.9,NA,NA,8,NA,2000
2015-05-22 16:00,156,25.8,27,1004,1.9,20,266.7,NA,NA,9,NA,2000
2015-05-22 17:00,156,24.4,32,1004.2,1.5,290,105.6,NA,NA,9,NA,2000
2015-05-22 18:00,156,22.8,35,1004.6,3,270,52.8,NA,NA,NA,NA,2000
2015-05-22 19:00,156,21.6,37,1004.6,1,250,0,NA,NA,NA,NA,2000
2015-05-22 20:00,156,20.5,44,1005.3,3.1,230,0,NA,NA,8,NA,2000
2015-05-22 21:00,156,20,45,1005.8,2.7,230,0,NA,NA,NA,NA,2000
2015-05-22 22:00,156,19.5,47,1006.2,2.2,230,0,NA,NA,NA,NA,2000
2015-05-22 23:00,156,19,50,1005.8,2.2,230,0,NA,NA,9,35,1800
2015-05-23 0:00,156,18.7,50,1005.2,0.9,230,0,NA,NA,NA,NA,2000
2015-05-23 1:00,156,18.5,51,1004.8,0.3,360,0,NA,NA,NA,NA,2000
2015-05-23 2:00,156,18,59,1004.4,1.2,50,0,NA,NA,10,10,2000
2015-05-23 3:00,156,17.7,62,1004.6,2.6,250,0,NA,NA,10,10,2000
2015-05-23 4:00,156,17,66,1004.5,0.5,160,0,NA,NA,10,10,2000
2015-05-23 5:00,156,17.6,64,1004.9,1.2,250,0,NA,NA,10,10,2000
2015-05-23 6:00,156,17.9,59,1005,1.1,50,36.1,NA,NA,10,10,2000
2015-05-23 7:00,156,18.7,60,1005,0.4,360,94.4,NA,NA,10,10,2000
2015-05-23 8:00,156,20.4,59,1004.7,1.2,250,275,NA,NA,9,30,1600
2015-05-23 9:00,156,21.4,44,1004,1.6,50,300,NA,NA,9,30,2000
2015-05-23 10:00,156,21.4,43,1003.5,1.8,50,297.2,NA,NA,9,30,2000
2015-05-23 11:00,156,22.2,41,1003.3,1,70,277.8,NA,NA,9,30,2000
2015-05-23 12:00,156,23.1,37,1002.9,0.8,50,486.1,NA,NA,8,30,2000
2015-05-23 13:00,156,25.2,32,1002.4,1.1,110,533.3,NA,NA,7,30,2000
2015-05-23 14:00,156,25.6,27,1001.7,2,20,641.7,NA,NA,7,30,2000
2015-05-23 15:00,156,25.7,26,1001.3,2,50,488.9,NA,NA,7,NA,2000
2015-05-23 16:00,156,25.3,26,1000.9,1.6,50,341.7,NA,NA,7,NA,2000
2015-05-23 17:00,156,24.8,28,1000.7,1.4,20,200,NA,NA,6,NA,2000
2015-05-23 18:00,156,23.6,28,1000.9,0.3,360,94.4,NA,NA,NA,NA,2000
2015-05-23 19:00,156,22.3,48,1001.2,1.8,340,8.3,NA,NA,NA,NA,2000
2015-05-23 20:00,156,20.9,54,1001.9,2,230,0,NA,NA,6,30,2000
2015-05-23 21:00,156,19.5,59,1002.2,2.1,200,0,NA,NA,NA,NA,1700
2015-05-23 22:00,156,18.4,62,1002.4,1.8,230,0,NA,NA,NA,NA,900
2015-05-23 23:00,156,17.9,64,1002.1,1.2,250,0,NA,NA,7,30,2000
2015-05-24 0:00,156,17.5,67,1001.8,0.7,270,0,NA,NA,NA,NA,1700
2015-05-24 1:00,156,16.9,70,1001.6,1.1,250,0,NA,NA,NA,NA,1500
2015-05-24 2:00,156,16.3,72,1001.4,0.4,360,0,NA,NA,7,30,1500
2015-05-24 3:00,156,15.7,77,1001.5,0.5,270,0,NA,NA,6,30,1200
2015-05-24 4:00,156,15.5,76,1001.4,0.7,320,0,NA,NA,6,30,1200
2015-05-24 5:00,156,14.7,82,1001.5,0.2,360,11.1,NA,NA,6,30,1200
2015-05-24 6:00,156,15.9,77,1001.7,0.5,250,133.3,NA,NA,5,30,1200
2015-05-24 7:00,156,16.8,68,1001.5,0.7,270,194.4,NA,NA,3,10,1500
2015-05-24 8:00,156,20.1,54,1001.3,1,320,527.8,NA,NA,3,30,1800
2015-05-24 9:00,156,23.6,40,1001.1,1.1,270,691.7,NA,NA,3,30,2000
2015-05-24 10:00,156,25,28,1000.9,1.7,360,836.1,NA,NA,4,30,2000
2015-05-24 11:00,156,26.2,25,1000.5,3.2,50,905.6,NA,NA,3,30,2000
2015-05-24 12:00,156,27,23,999.8,1.5,320,922.2,NA,NA,3,30,2000
2015-05-24 13:00,156,27.7,24,999.1,1.9,340,880.6,NA,NA,3,30,2000
2015-05-24 14:00,156,28.4,23,998.6,2.6,340,788.9,NA,NA,3,10,2000
2015-05-24 15:00,156,27.5,27,998.3,2.5,340,652.8,NA,NA,1,10,2000
2015-05-24 16:00,156,26.7,28,998.4,2,320,483.3,NA,NA,0,NA,2000
2015-05-24 17:00,156,25.2,27,998.7,1.7,320,294.4,NA,NA,0,NA,2000
2015-05-24 18:00,156,23.1,28,999.3,1.3,340,113.9,NA,NA,NA,NA,2000
2015-05-24 19:00,156,21.4,29,999.8,1.5,320,8.3,NA,NA,NA,NA,2000
2015-05-24 20:00,156,20.3,30,1000.6,1.3,320,0,NA,NA,0,NA,2000
2015-05-24 21:00,156,19.3,36,1000.9,0.5,320,0,NA,NA,NA,NA,2000
2015-05-24 22:00,156,18.7,39,1001,1.1,290,0,NA,NA,NA,NA,2000
2015-05-24 23:00,156,17.8,41,1001.1,0.5,290,0,NA,NA,0,NA,2000
2015-05-25 0:00,156,16.8,46,1001,1,290,0,NA,NA,NA,NA,2000
2015-05-25 1:00,156,15.7,50,1000.9,0.8,230,0,NA,NA,NA,NA,2000
2015-05-25 2:00,156,15.4,53,1000.9,0.7,290,0,NA,NA,0,NA,2000
2015-05-25 3:00,156,14.5,63,1001.1,0.5,250,0,NA,NA,0,NA,2000
2015-05-25 4:00,156,13.9,63,1001.4,0.5,270,0,NA,NA,0,NA,2000
2015-05-25 5:00,156,13.5,61,1001.6,0.8,270,13.9,NA,NA,0,NA,2000
2015-05-25 6:00,156,14.3,57,1001.7,0.7,270,144.4,NA,NA,0,NA,2000
2015-05-25 7:00,156,17.9,43,1001.8,0.7,250,341.7,NA,NA,0,NA,2300
2015-05-25 8:00,156,19.9,35,1001.8,1.1,270,536.1,NA,NA,0,NA,2300
2015-05-25 9:00,156,22.6,31,1001.9,1,320,694.4,NA,NA,0,NA,2300
2015-05-25 10:00,156,24.1,23,1001.7,1,290,819.4,NA,NA,0,NA,2300
2015-05-25 11:00,156,25.1,22,1001.4,1.4,320,913.9,NA,NA,0,NA,2300
2015-05-25 12:00,156,28.1,25,1000.8,1.2,320,941.7,NA,NA,0,NA,2300
2015-05-25 13:00,156,28.2,23,1000.4,1.7,360,897.2,NA,NA,0,NA,2300
2015-05-25 14:00,156,28.9,26,1000,1.9,320,794.4,NA,NA,0,NA,2300
2015-05-25 15:00,156,27.7,27,1000,3,270,658.3,NA,NA,0,NA,2300
2015-05-25 16:00,156,25.8,26,1000.3,2.3,290,491.7,NA,NA,0,NA,2300
2015-05-25 17:00,156,25.4,26,1000.5,2.1,270,305.6,NA,NA,0,NA,2300
2015-05-25 18:00,156,22.9,30,1001.1,2.5,320,125,NA,NA,NA,NA,2000
2015-05-25 19:00,156,21.2,31,1001.6,1.3,340,8.3,NA,NA,NA,NA,2000
2015-05-25 20:00,156,20.1,34,1002.5,0.6,360,0,NA,NA,0,NA,2000
2015-05-25 21:00,156,19.1,39,1003,0.9,20,0,NA,NA,NA,NA,2000
2015-05-25 22:00,156,18,41,1003,1.6,20,0,NA,NA,NA,NA,2000
2015-05-25 23:00,156,17.5,45,1003.3,1,250,0,NA,NA,0,NA,2000
2015-05-26 0:00,156,16.9,53,1003.3,0.8,270,0,NA,NA,NA,NA,2000
2015-05-26 1:00,156,15.3,71,1003.6,0.2,360,0,NA,NA,NA,NA,1500
2015-05-26 2:00,156,14.9,68,1003.8,0.3,360,0,NA,NA,0,NA,1600
2015-05-26 3:00,156,14.9,71,1003.8,1.2,290,0,NA,NA,0,NA,1600
2015-05-26 4:00,156,13.5,72,1003.9,1.2,250,0,NA,NA,0,NA,2000
2015-05-26 5:00,156,13.5,72,1004.3,0.2,360,16.7,NA,NA,0,NA,2000
2015-05-26 6:00,156,14.5,69,1004.8,0.3,360,152.8,NA,NA,0,NA,2000
2015-05-26 7:00,156,18.2,57,1005.1,0.6,70,355.6,NA,NA,1,10,2000
2015-05-26 8:00,156,21.1,45,1005,1.2,320,552.8,NA,NA,0,NA,2000
2015-05-26 9:00,156,23.7,38,1004.6,1,270,716.7,NA,NA,1,10,2000
2015-05-26 10:00,156,27.3,25,1004.2,1.9,50,850,NA,NA,1,NA,2000
2015-05-26 11:00,156,29.2,23,1003.6,1.7,20,933.3,NA,NA,1,NA,2300
2015-05-26 12:00,156,30.3,19,1002.8,2.3,20,969.4,NA,NA,2,NA,2300
2015-05-26 13:00,156,30.9,17,1002.1,2.8,50,922.2,NA,NA,2,NA,2300
2015-05-26 14:00,156,32.4,15,1001.6,1.4,320,819.4,NA,NA,3,NA,2300
2015-05-26 15:00,156,31.3,20,1001.2,3.8,290,672.2,NA,NA,4,NA,2300
2015-05-26 16:00,156,30.6,23,1001.2,2.4,290,477.8,NA,NA,6,NA,2300
2015-05-26 17:00,156,28.1,26,1001.3,1.8,290,261.1,NA,NA,7,NA,2300
2015-05-26 18:00,156,26.2,26,1002.3,1.6,270,125,NA,NA,NA,NA,2000
2015-05-26 19:00,156,23.7,30,1003,2.4,250,5.6,NA,NA,NA,NA,2000
2015-05-26 20:00,156,22,36,1003.4,1.1,250,0,NA,NA,2,NA,2000
2015-05-26 21:00,156,21.1,38,1003.7,0.6,270,0,NA,NA,NA,NA,2000
2015-05-26 22:00,156,20.9,39,1003.7,0.7,290,0,NA,NA,NA,NA,2000
2015-05-26 23:00,156,19.4,43,1003.5,0.9,250,0,NA,NA,5,NA,2000
2015-05-27 0:00,156,18.8,48,1003.4,1.1,270,0,NA,NA,NA,NA,2000
2015-05-27 1:00,156,17.5,54,1003.1,0,0,0,NA,NA,NA,NA,2000
2015-05-27 2:00,156,17.2,54,1003.1,0.6,270,0,NA,NA,4,NA,2000
2015-05-27 3:00,156,16.5,55,1003,0.7,50,0,NA,NA,4,NA,2000
2015-05-27 4:00,156,15.7,59,1002.9,0,0,0,NA,NA,3,NA,2000
2015-05-27 5:00,156,15.2,62,1002.9,1.1,270,11.1,NA,NA,5,NA,2000
2015-05-27 6:00,156,15.8,59,1003.2,0.4,360,97.2,NA,NA,4,NA,2000
2015-05-27 7:00,156,19.4,48,1003.4,0.9,230,319.4,NA,NA,3,NA,2000
2015-05-27 8:00,156,22.4,40,1003.5,0.7,290,544.4,NA,NA,4,NA,2000
2015-05-27 9:00,156,25.2,32,1003.3,0.7,270,725,NA,NA,5,40,2000
2015-05-27 10:00,156,27.6,30,1002.9,1.2,200,841.7,NA,NA,3,NA,2000
2015-05-27 11:00,156,29.4,24,1002.3,2.5,250,905.6,NA,NA,2,NA,2000
2015-05-27 12:00,156,30.4,20,1001.7,1.4,290,861.1,NA,NA,2,NA,2000
2015-05-27 13:00,156,30.7,21,1001,3.6,270,908.3,NA,NA,1,NA,2000
2015-05-27 14:00,156,31.1,21,1000.4,3.5,230,811.1,NA,NA,0,NA,2000
2015-05-27 15:00,156,30.8,23,999.9,2,290,658.3,NA,NA,2,NA,2000
2015-05-27 16:00,156,30.7,24,999.3,2.9,250,488.9,NA,NA,3,NA,2000
2015-05-27 17:00,156,28.9,27,999.6,3.5,250,238.9,NA,NA,6,NA,2000
2015-05-27 18:00,156,26,37,1000.6,3.6,270,66.7,NA,NA,NA,NA,2000
2015-05-27 19:00,156,24.4,41,1001,2.2,270,8.3,NA,NA,NA,NA,2000
2015-05-27 20:00,156,23.3,44,1001.8,2.4,270,0,NA,NA,6,NA,2000
2015-05-27 21:00,156,22.2,48,1002,0.8,290,0,NA,NA,NA,NA,2000
2015-05-27 22:00,156,21.8,50,1001.6,0,0,0,NA,NA,NA,NA,2000
2015-05-27 23:00,156,21.4,45,1001.4,0.8,20,0,NA,NA,7,35,2000
2015-05-28 0:00,156,20.7,51,1001.1,0.9,90,0,NA,NA,NA,NA,2000
2015-05-28 1:00,156,20.9,54,1001.1,1.3,270,0,NA,NA,NA,NA,2000
2015-05-28 2:00,156,19.6,60,1000.9,0.4,360,0,NA,NA,7,35,2000
2015-05-28 3:00,156,20.2,56,1000.5,0.7,270,0,NA,NA,8,35,2000
2015-05-28 4:00,156,19.8,56,1000.8,0.6,250,0,NA,NA,8,35,2000
2015-05-28 5:00,156,18.9,57,1000.9,1.7,70,2.8,NA,NA,8,35,2000
2015-05-28 6:00,156,19.9,59,1001.6,0.8,180,58.3,NA,NA,8,35,2000
2015-05-28 7:00,156,21.1,49,1001.5,0.3,360,155.6,NA,NA,7,35,2000
2015-05-28 8:00,156,22.3,53,1001.7,1.1,270,213.9,NA,NA,8,35,2000
2015-05-28 9:00,156,25.1,36,1001.3,0.9,320,619.4,NA,NA,6,35,2000
2015-05-28 10:00,156,27,33,1001,1.3,20,747.2,NA,NA,3,35,2000
2015-05-28 11:00,156,29.5,23,1000,2.3,110,900,NA,NA,2,35,2000
2015-05-28 12:00,156,30.7,21,999.8,3.1,140,922.2,NA,NA,0,NA,2000
2015-05-28 13:00,156,30.8,20,999.5,3.3,90,880.6,NA,NA,0,NA,2000
2015-05-28 14:00,156,31.1,20,999.1,2.5,70,788.9,NA,NA,0,NA,2000
2015-05-28 15:00,156,30.9,21,998.7,2.3,160,647.2,NA,NA,2,NA,2000
2015-05-28 16:00,156,31.2,22,998.6,1.9,110,458.3,NA,NA,3,NA,2000
2015-05-28 17:00,156,28.9,24,998.7,2.7,160,297.2,NA,NA,0,NA,2000
2015-05-28 18:00,156,27,25,999.3,3.7,180,113.9,NA,NA,NA,NA,2000
2015-05-28 19:00,156,25,36,1000.4,1.5,230,8.3,NA,NA,NA,NA,2000
2015-05-28 20:00,156,22.9,48,1001.5,5.1,230,0,NA,NA,0,NA,2000
2015-05-28 21:00,156,22,47,1001.9,1.4,200,0,NA,NA,NA,NA,2000
2015-05-28 22:00,156,21.7,45,1002.4,2.9,230,0,NA,NA,NA,NA,2000
2015-05-28 23:00,156,20.4,48,1002,1.6,180,0,NA,NA,0,NA,2000
2015-05-29 0:00,156,19.5,52,1001.6,0.9,180,0,NA,NA,NA,NA,2000
2015-05-29 1:00,156,19.1,55,1001.3,0.4,360,0,NA,NA,NA,NA,1800
2015-05-29 2:00,156,18.5,65,1001.4,1.6,230,0,NA,NA,2,10,1800
2015-05-29 3:00,156,17.8,69,1001.5,0.6,270,0,NA,NA,0,NA,1800
2015-05-29 4:00,156,17.6,71,1001.3,1,50,0,NA,NA,4,NA,1500
2015-05-29 5:00,156,17.2,67,1001,1.2,50,16.7,NA,NA,3,NA,1500
2015-05-29 6:00,156,18.2,61,1001.4,0.5,340,133.3,NA,NA,0,NA,1500
2015-05-29 7:00,156,21.4,55,1001.3,0.7,70,338.9,NA,NA,1,NA,1800
2015-05-29 8:00,156,24.6,41,1001,1.1,20,522.2,NA,NA,3,NA,2000
2015-05-29 9:00,156,25.6,35,1000.9,1.3,70,672.2,NA,NA,4,NA,2000
2015-05-29 10:00,156,26.9,33,1000.5,1.3,110,797.2,NA,NA,3,NA,2000
2015-05-29 11:00,156,27.8,31,999.7,2.3,250,855.6,NA,NA,3,10,2000
2015-05-29 12:00,156,29.1,30,998.7,1.8,340,880.6,NA,NA,5,10,2000
2015-05-29 13:00,156,28.4,30,998.2,2,70,502.8,NA,NA,5,10,2000
2015-05-29 14:00,156,30.4,29,997.5,1.5,290,647.2,NA,NA,5,10,2000
2015-05-29 15:00,156,30.1,28,997.2,1.7,290,616.7,NA,NA,7,10,2000
2015-05-29 16:00,156,27.9,36,997.1,2.2,290,316.7,NA,NA,8,10,2000
2015-05-29 17:00,156,26.2,39,997.8,2.3,270,169.4,NA,NA,9,10,2000
2015-05-29 18:00,156,24.7,40,998.5,2,290,97.2,NA,NA,NA,NA,2000
2015-05-29 19:00,156,24.1,39,998.8,0.8,290,0,NA,NA,NA,NA,2000
2015-05-29 20:00,156,24,39,999,0.8,320,0,NA,NA,9,35,2000
2015-05-29 21:00,156,23,43,998.7,0.4,360,0,0,NA,10,8,2000
2015-05-29 22:00,156,22.7,45,998.6,0.6,20,0,0,NA,10,10,2000
2015-05-29 23:00,156,22.4,47,998.1,2.9,70,0,NA,NA,10,10,2000
2015-05-30 0:00,156,22.1,50,998.4,1.4,20,0,NA,NA,NA,NA,2000
2015-05-30 1:00,156,21.4,52,998.2,1.7,50,0,0,NA,10,8,2000
2015-05-30 2:00,156,20.5,60,997.8,1.2,70,0,0,NA,10,8,2000
2015-05-30 3:00,156,20,61,997.4,2.9,50,0,0,NA,10,8,2000
2015-05-30 4:00,156,18.3,78,997.8,1.9,20,0,0.4,NA,10,8,1300
2015-05-30 5:00,156,16.7,86,998.3,1.4,90,0,1.1,NA,10,8,600
2015-05-30 6:00,156,16.8,88,998.3,2.1,50,22.2,0.5,NA,10,8,1100
2015-05-30 7:00,156,16.8,87,998.1,3.2,70,77.8,1,NA,10,8,1100
2015-05-30 8:00,156,18.8,82,997.4,1.4,20,186.1,0,NA,10,10,1200
2015-05-30 9:00,156,19.9,77,996.9,3.1,50,305.6,NA,NA,10,10,1200
2015-05-30 10:00,156,20.6,72,996.9,3.1,50,325,NA,NA,10,10,1500
2015-05-30 11:00,156,20.1,74,997.1,2.2,20,241.7,0,NA,10,8,1200
2015-05-30 12:00,156,20.8,71,996.7,1.8,70,311.1,0.5,NA,10,10,1200
2015-05-30 13:00,156,20.5,75,996.3,2.7,50,286.1,0,NA,10,9,1200
2015-05-30 14:00,156,20.9,71,995.7,3,50,141.7,NA,NA,10,10,1500
2015-05-30 15:00,156,22.2,64,995.5,4.3,50,452.8,NA,NA,7,10,1100
2015-05-30 16:00,156,22.3,66,995,2.4,50,483.3,NA,NA,4,10,1100
2015-05-30 17:00,156,21.3,67,995.6,3.4,20,166.7,NA,NA,5,10,1200
2015-05-30 18:00,156,21,67,996,1.4,360,113.9,NA,NA,NA,NA,1300
2015-05-30 19:00,156,19.9,72,996.5,1.9,360,2.8,NA,NA,NA,NA,1400
2015-05-30 20:00,156,18.8,78,997.4,2.1,20,0,NA,NA,2,10,800
2015-05-30 21:00,156,18.1,79,998,0.8,50,0,NA,NA,NA,NA,700
2015-05-30 22:00,156,17.1,83,998.3,0.5,180,0,NA,NA,NA,NA,700
2015-05-30 23:00,156,16.7,84,998.6,2.3,50,0,NA,NA,3,10,600
2015-05-31 0:00,156,16.5,85,998.5,1.6,50,0,NA,NA,NA,NA,500
2015-05-31 1:00,156,16.6,84,998.7,1.2,20,0,NA,NA,NA,NA,500
2015-05-31 2:00,156,16.5,86,999,0.7,320,0,NA,NA,4,NA,500
2015-05-31 3:00,156,16,86,998.9,1.2,50,0,NA,NA,6,NA,400
2015-05-31 4:00,156,15.5,88,998.8,2.5,50,0,NA,NA,7,NA,400
2015-05-31 5:00,156,16.3,83,999.5,3.3,50,11.1,NA,NA,6,NA,600
2015-05-31 6:00,156,16.7,80,1000.8,0.7,290,100,NA,NA,3,NA,800
2015-05-31 7:00,156,18.2,75,1001.3,1.3,250,316.7,NA,NA,2,10,600
2015-05-31 8:00,156,20.6,66,1000.7,1.6,20,527.8,NA,NA,0,NA,800
2015-05-31 9:00,156,22.7,57,1000.7,1.9,50,705.6,NA,NA,0,NA,1200
2015-05-31 10:00,156,23.5,52,1000.2,1.3,90,825,NA,NA,1,NA,1500
2015-05-31 11:00,156,25.2,49,999.7,1.3,230,902.8,NA,NA,1,10,2000
2015-05-31 12:00,156,27.8,42,999,2.6,200,930.6,NA,NA,3,NA,2000
2015-05-31 13:00,156,28.5,38,998.8,1.8,270,825,NA,NA,4,10,2000
2015-05-31 14:00,156,28.9,39,998.6,1.3,290,688.9,NA,NA,5,10,2000
2015-05-31 15:00,156,28.5,41,998.3,4.2,230,480.6,NA,NA,5,10,2000
2015-05-31 16:00,156,27.7,45,998.8,4.2,250,405.6,NA,NA,5,10,2000
2015-05-31 17:00,156,25.2,53,999.5,3.9,250,169.4,NA,NA,5,10,1800
2015-05-31 18:00,156,24,55,1000.2,3.3,250,77.8,NA,NA,NA,NA,1600
2015-05-31 19:00,156,22.6,59,1000.9,3.1,270,11.1,NA,NA,NA,NA,1400
2015-05-31 20:00,156,21.7,61,1001.2,1.8,250,0,NA,NA,2,10,1500
2015-05-31 21:00,156,21,64,1001.8,2.1,230,0,NA,NA,NA,NA,1400
2015-05-31 22:00,156,20.4,66,1001.9,1.2,250,0,NA,NA,NA,NA,1300
2015-05-31 23:00,156,20.2,67,1001.8,1.7,250,0,NA,NA,0,NA,1200
2015-06-01 0:00,156,18.8,78,1002,0.3,360,0,NA,NA,NA,NA,1100
2015-06-01 1:00,156,18.4,79,1002.2,0.8,200,0,NA,NA,NA,NA,1100
2015-06-01 2:00,156,17.9,81,1002.3,0,0,0,NA,NA,0,NA,1100
2015-06-01 3:00,156,17.6,82,1002.2,0.9,270,0,NA,NA,0,NA,800
2015-06-01 4:00,156,16.8,86,1002.3,1,50,0,NA,NA,1,NA,600
2015-06-01 5:00,156,16.7,86,1002.4,0.2,360,16.7,NA,NA,5,NA,800
2015-06-01 6:00,156,18.5,79,1002.8,0.1,360,127.8,NA,NA,5,NA,800
2015-06-01 7:00,156,20.3,69,1002.9,0.9,50,297.2,NA,NA,5,NA,900
2015-06-01 8:00,156,21.6,66,1002.9,1.7,230,383.3,NA,NA,5,NA,800
2015-06-01 9:00,156,24.1,52,1002.6,0.8,110,597.2,NA,NA,5,NA,1200
2015-06-01 10:00,156,25.6,41,1002.7,2.8,230,716.7,NA,NA,7,NA,2000
2015-06-01 11:00,156,26.6,39,1002.1,2.2,230,875,NA,NA,6,NA,2000
2015-06-01 12:00,156,29.1,32,1001.6,3.1,250,922.2,NA,NA,7,NA,2000
2015-06-01 13:00,156,28.9,32,1001,2.1,270,833.3,NA,NA,6,NA,2000
2015-06-01 14:00,156,30.1,34,1000.8,3.3,230,775,NA,NA,6,NA,2000
2015-06-01 15:00,156,29.7,31,1000.6,3.3,250,663.9,NA,NA,3,NA,2000
2015-06-01 16:00,156,29,31,1000.5,3.5,250,491.7,NA,NA,5,NA,2000
2015-06-01 17:00,156,27.8,38,1000.8,4,270,311.1,NA,NA,5,NA,2000
2015-06-01 18:00,156,25.6,46,1001.8,2.3,270,80.6,NA,NA,NA,NA,2000
2015-06-01 19:00,156,24,55,1002.3,1.6,290,5.6,NA,NA,NA,NA,1500
2015-06-01 20:00,156,23,59,1002.5,0.6,320,0,NA,NA,8,NA,1800
2015-06-01 21:00,156,22.3,61,1002.4,0.6,360,0,NA,NA,NA,NA,1500
2015-06-01 22:00,156,21.9,61,1001.9,1.6,250,0,NA,NA,NA,NA,1400
2015-06-01 23:00,156,21,66,1001.8,2.4,230,0,NA,NA,8,NA,1200
2015-06-02 0:00,156,20.5,68,1001.9,1,250,0,NA,NA,NA,NA,1000
2015-06-02 1:00,156,20.1,71,1001.9,1,250,0,NA,NA,NA,NA,1000
2015-06-02 2:00,156,19.7,73,1002.3,0.5,290,0,NA,NA,8,NA,1100
2015-06-02 3:00,156,19.1,77,1002,0.5,180,0,NA,NA,8,NA,800
2015-06-02 4:00,156,19.3,75,1002.5,1.4,270,0,NA,NA,7,NA,700
2015-06-02 5:00,156,19,76,1002.1,0.2,360,0,NA,NA,9,NA,800
2015-06-02 6:00,156,18.9,78,1001.8,0.5,250,33.3,NA,NA,9,NA,800
2015-06-02 7:00,156,19.6,75,1001.6,1.1,50,111.1,NA,NA,9,NA,800
2015-06-02 8:00,156,20.6,69,1000.9,0.9,90,202.8,NA,NA,9,35,800
2015-06-02 9:00,156,21.5,66,1000.4,1.2,270,250,NA,NA,9,35,900
2015-06-02 10:00,156,21.1,63,1001,1,290,147.2,NA,NA,9,35,1500
2015-06-02 11:00,156,22.8,57,1000.8,0.9,340,297.2,NA,NA,9,35,1500
2015-06-02 12:00,156,23,56,1000.7,1.2,360,261.1,NA,NA,9,10,1500
2015-06-02 13:00,156,23.7,57,1000,1.2,70,319.4,NA,NA,10,10,1500
2015-06-02 14:00,156,24.3,55,998.8,1.1,90,297.2,NA,NA,9,10,1500
2015-06-02 15:00,156,26,50,998.3,0.9,110,363.9,NA,NA,8,35,1500
2015-06-02 16:00,156,25.8,51,998.1,1.1,250,277.8,NA,NA,8,35,1500
2015-06-02 17:00,156,23.8,61,997.8,2.9,230,144.4,NA,NA,10,10,1800
2015-06-02 18:00,156,22.8,66,997.9,1.8,200,19.4,NA,NA,NA,NA,1700
2015-06-02 19:00,156,22,68,998,1.9,230,0,NA,NA,NA,NA,1600
2015-06-02 20:00,156,21.6,71,997.8,1.7,230,0,NA,NA,10,10,1500
2015-06-02 21:00,156,21.9,69,998,0.9,290,0,NA,NA,NA,NA,1400
2015-06-02 22:00,156,21.1,71,998.1,1.2,250,0,NA,NA,NA,NA,1500
2015-06-02 23:00,156,21,76,998.2,1,320,0,NA,NA,9,NA,700
2015-06-03 0:00,156,20,79,997.9,1.6,320,0,NA,NA,NA,NA,500
2015-06-03 1:00,156,19.6,80,998.1,0.8,70,0,NA,NA,NA,NA,500
2015-06-03 2:00,156,19.3,78,997.6,2.2,50,0,NA,NA,9,NA,500
2015-06-03 3:00,156,18.6,75,997.9,2.1,70,0,NA,NA,9,NA,700
2015-06-03 4:00,156,18.5,73,997.5,1.2,20,0,NA,NA,9,NA,900
2015-06-03 5:00,156,18.9,71,998.1,0.9,20,0,NA,NA,9,NA,900
2015-06-03 6:00,156,19.3,69,998.5,1.8,20,58.3,NA,NA,9,NA,1100
2015-06-03 7:00,156,20.9,63,998.7,1.7,50,263.9,NA,NA,7,10,1100
2015-06-03 8:00,156,23.7,34,999,6.3,50,463.9,NA,NA,3,10,1800
2015-06-03 9:00,156,24.3,29,999.4,9,20,761.1,NA,NA,5,10,2300
2015-06-03 10:00,156,25.1,29,999.5,7.4,50,880.6,NA,NA,2,10,2300
2015-06-03 11:00,156,26.2,27,999.4,5.6,50,950,NA,NA,1,NA,2300
2015-06-03 12:00,156,27.2,23,998.7,4.9,50,972.2,NA,NA,0,NA,2300
2015-06-03 13:00,156,27.2,25,998.5,5.2,20,930.6,NA,NA,0,NA,2300
2015-06-03 14:00,156,27.1,23,998.5,3.5,20,833.3,NA,NA,0,NA,2300
2015-06-03 15:00,156,26.3,23,998.8,4.1,20,705.6,NA,NA,1,NA,2300
2015-06-03 16:00,156,25.2,26,999.1,3,360,533.3,NA,NA,2,NA,2300
2015-06-03 17:00,156,24.1,27,999.5,2.9,20,283.3,NA,NA,7,NA,2300
2015-06-03 18:00,156,23.1,29,1000.6,2.4,340,161.1,NA,NA,NA,NA,2000
2015-06-03 19:00,156,21.8,32,1001.2,1.9,20,16.7,NA,NA,NA,NA,2000
2015-06-03 20:00,156,21.6,30,1002.1,4.4,20,0,NA,NA,5,NA,2000
2015-06-03 21:00,156,19.8,36,1003,0.8,180,0,NA,NA,NA,NA,2000
2015-06-03 22:00,156,19.6,35,1002.8,0.7,360,0,NA,NA,NA,NA,2000
2015-06-03 23:00,156,18.5,36,1002.9,1.8,50,0,NA,NA,3,NA,2000
2015-06-04 0:00,156,18.3,39,1003.2,1.3,90,0,NA,NA,NA,NA,2000
2015-06-04 1:00,156,18.4,40,1003,0.5,290,0,NA,NA,NA,NA,2000
2015-06-04 2:00,156,17.6,46,1003,1,250,0,NA,NA,0,NA,2000
2015-06-04 3:00,156,16.8,52,1002.9,0.8,270,0,NA,NA,0,NA,2000
2015-06-04 4:00,156,15.9,56,1003.5,0.8,250,0,NA,NA,0,NA,2300
2015-06-04 5:00,156,15.7,59,1003.6,0.3,360,19.4,NA,NA,0,NA,2300
2015-06-04 6:00,156,16.4,60,1003.8,0.6,250,163.9,NA,NA,0,NA,2300
2015-06-04 7:00,156,19,52,1004.2,1,200,361.1,NA,NA,0,NA,2300
2015-06-04 8:00,156,23,37,1004.1,0.8,320,552.8,NA,NA,0,NA,2300
2015-06-04 9:00,156,23.6,36,1003.6,1.2,200,705.6,NA,NA,0,NA,2300
2015-06-04 10:00,156,25.6,29,1002.9,0.9,290,811.1,NA,NA,3,NA,2300
2015-06-04 11:00,156,28.8,22,1002.4,1.4,230,913.9,NA,NA,2,NA,2300
2015-06-04 12:00,156,28.6,22,1001.2,1.7,230,938.9,NA,NA,2,NA,2300
2015-06-04 13:00,156,29.7,19,1000.8,3,250,886.1,NA,NA,4,NA,2300
2015-06-04 14:00,156,29.5,20,1000.2,3.3,250,700,NA,NA,7,NA,2300
2015-06-04 15:00,156,29.2,24,1000.6,3.7,250,472.2,NA,NA,7,NA,2300
2015-06-04 16:00,156,27.6,23,1001,4.9,200,325,NA,NA,7,10,2300
2015-06-04 17:00,156,26,32,1001.2,1.9,270,163.9,NA,NA,10,35,2300
2015-06-04 18:00,156,25.2,22,1001.2,3.3,250,58.3,NA,NA,NA,NA,2000
2015-06-04 19:00,156,23.8,39,1001.2,1.8,230,8.3,NA,NA,NA,NA,2000
2015-06-04 20:00,156,23.2,31,1001.1,2.1,200,0,NA,NA,10,30,2000
2015-06-04 21:00,156,22.9,30,1001.9,1.3,200,0,NA,NA,NA,NA,2000
2015-06-04 22:00,156,21.9,31,1000.7,1.6,110,0,NA,NA,NA,NA,2000
2015-06-04 23:00,156,22.3,28,1001.2,1.1,250,0,NA,NA,10,10,2000
2015-06-05 0:00,156,21.5,38,1001,1.3,250,0,NA,NA,NA,NA,2000
2015-06-05 1:00,156,21,35,1000.4,1.1,50,0,0,NA,10,8,2000
2015-06-05 2:00,156,19.8,38,999.5,0.3,360,0,0,NA,10,10,2000
2015-06-05 3:00,156,19.1,45,999.3,0.6,160,0,0,NA,10,10,2000
2015-06-05 4:00,156,18.6,51,999.3,1.1,180,0,NA,NA,10,10,2000
2015-06-05 5:00,156,17.9,55,999.6,2.1,200,0,0,NA,10,10,2000
2015-06-05 6:00,156,15.6,72,1000.1,2.3,200,5.6,0.5,NA,10,10,1800
2015-06-05 7:00,156,14.8,81,999.4,1.6,90,66.7,0.5,NA,10,9,2000
2015-06-05 8:00,156,14.6,80,999,3.1,50,100,0.5,NA,10,9,2000
2015-06-05 9:00,156,15.7,76,998.5,2.4,70,161.1,0,NA,10,10,2000
2015-06-05 10:00,156,17.9,72,997.8,3.7,70,308.3,NA,NA,8,10,2000
2015-06-05 11:00,156,18.6,62,997.8,4.1,70,522.2,NA,NA,8,10,2000
2015-06-05 12:00,156,20.2,52,997.6,1.9,50,719.4,NA,NA,6,10,2000
2015-06-05 13:00,156,20.5,51,997.2,1.4,200,675,NA,NA,6,10,2000
2015-06-05 14:00,156,21.3,47,996.7,2,50,472.2,NA,NA,7,10,2000
2015-06-05 15:00,156,21.2,47,996.4,1.8,50,313.9,NA,NA,6,10,2000
2015-06-05 16:00,156,23.1,43,996.3,2.4,360,330.6,NA,NA,4,10,2000
2015-06-05 17:00,156,20.7,53,996.7,2.7,270,222.2,NA,NA,5,10,2000
2015-06-05 18:00,156,19.8,54,997.5,2.5,360,169.4,NA,NA,NA,NA,50
2015-06-05 19:00,156,18.5,60,998.4,1,320,19.4,NA,NA,NA,NA,2000
2015-06-05 20:00,156,17.6,64,999.2,1.3,320,0,NA,NA,0,NA,2000
2015-06-05 21:00,156,16.6,68,999.8,0.4,360,0,NA,NA,NA,NA,50
2015-06-05 22:00,156,16.4,72,1000.3,1.5,230,0,NA,NA,NA,NA,2000
2015-06-05 23:00,156,15.7,75,1000.6,0.9,200,0,NA,NA,0,NA,2000
2015-06-06 0:00,156,15.1,78,1001.6,2.4,200,0,NA,NA,NA,NA,2000
2015-06-06 1:00,156,14.9,79,1002,1.4,230,0,NA,NA,NA,NA,2000
2015-06-06 2:00,156,14.3,81,1002.2,0.9,140,0,NA,NA,0,NA,2000
2015-06-06 3:00,156,14.5,82,1002.7,0.2,360,0,NA,NA,2,NA,2000
2015-06-06 4:00,156,14.2,82,1003.3,0.7,180,0,NA,NA,3,NA,2000
2015-06-06 5:00,156,14.2,82,1003.9,0.7,110,19.4,NA,NA,5,10,2000
2015-06-06 6:00,156,15.8,78,1004.3,0.7,70,138.9,NA,NA,7,10,1800
2015-06-06 7:00,156,17.7,72,1004.5,1.5,50,275,NA,NA,5,NA,1800
2015-06-06 8:00,156,19.2,63,1004.5,1.9,50,475,NA,NA,2,NA,2000
2015-06-06 9:00,156,22.8,49,1004.7,0.9,20,661.1,NA,NA,2,NA,2000
2015-06-06 10:00,156,23.9,39,1004.8,1.3,290,813.9,NA,NA,3,NA,2000
2015-06-06 11:00,156,25.9,37,1004.8,0.9,20,844.4,NA,NA,5,NA,2000
2015-06-06 12:00,156,27.2,34,1004.2,2.1,230,808.3,NA,NA,7,NA,2000
2015-06-06 13:00,156,28,30,1003.8,3.4,230,872.2,NA,NA,2,NA,2000
2015-06-06 14:00,156,29,33,1003.6,2.3,230,780.6,NA,NA,2,10,2000
2015-06-06 15:00,156,27.1,36,1003.5,3.1,250,466.7,NA,NA,2,12,2000
2015-06-06 16:00,156,27.4,38,1003.9,4.2,200,483.3,NA,NA,1,10,2000
2015-06-06 17:00,156,25.6,46,1003.6,3.9,180,280.6,NA,NA,0,NA,2000
2015-06-06 18:00,156,23.4,58,1004.1,5,180,116.7,NA,NA,NA,NA,2000
2015-06-06 19:00,156,21.9,62,1004.9,4.5,180,13.9,NA,NA,NA,NA,2000
2015-06-06 20:00,156,20.6,62,1006.1,4.8,200,0,NA,NA,0,NA,2000
2015-06-06 21:00,156,20.3,49,1007,3.6,200,0,NA,NA,NA,NA,2000
2015-06-06 22:00,156,20.1,43,1007.3,3.7,200,0,NA,NA,NA,NA,2000
2015-06-06 23:00,156,19.1,47,1007.4,3.6,230,0,NA,NA,0,NA,2000
2015-06-07 0:00,156,18.3,51,1007,1.1,230,0,NA,NA,NA,NA,2000
2015-06-07 1:00,156,17.5,60,1006.7,2.1,50,0,NA,NA,NA,NA,2000
2015-06-07 2:00,156,17.9,57,1006.7,1.2,320,0,NA,NA,7,NA,2000
2015-06-07 3:00,156,17,62,1006.7,1.2,50,0,NA,NA,8,NA,2000
2015-06-07 4:00,156,16.8,64,1007.5,0.9,20,0,NA,NA,8,NA,2000
2015-06-07 5:00,156,16.7,64,1007.3,1,90,5.6,NA,NA,8,NA,2000
2015-06-07 6:00,156,17.4,63,1007.6,0.7,90,47.2,NA,NA,8,NA,2000
2015-06-07 7:00,156,18.7,59,1007.8,0.3,360,116.7,NA,NA,8,NA,2000
2015-06-07 8:00,156,19.9,53,1007.2,0.8,200,216.7,NA,NA,8,NA,2000
2015-06-07 9:00,156,22.4,42,1006.6,1.9,70,600,NA,NA,8,NA,2000
2015-06-07 10:00,156,25.5,34,1005.9,1.3,70,761.1,NA,NA,7,40,2000
2015-06-07 11:00,156,25.5,32,1005.2,5,200,755.6,NA,NA,7,40,2000
2015-06-07 12:00,156,26.1,32,1004.7,3.8,180,855.6,NA,NA,6,40,2000
2015-06-07 13:00,156,27.6,30,1004.8,5.6,200,891.7,NA,NA,5,40,2000
2015-06-07 14:00,156,26.8,31,1004.6,5.2,180,722.2,NA,NA,5,NA,2000
2015-06-07 15:00,156,27.2,34,1003.9,4.7,200,625,NA,NA,5,NA,2000
2015-06-07 16:00,156,26.4,39,1003.7,3.7,180,497.2,NA,NA,6,NA,2000
2015-06-07 17:00,156,25.2,42,1003.5,2,180,219.4,NA,NA,8,NA,2000
2015-06-07 18:00,156,23.8,51,1004.2,4.8,200,113.9,NA,NA,NA,NA,2000
2015-06-07 19:00,156,22.2,57,1004.4,3.8,200,19.4,NA,NA,NA,NA,2000
2015-06-07 20:00,156,21.3,57,1004.9,3.9,200,0,NA,NA,6,NA,2000
2015-06-07 21:00,156,20.6,63,1004.7,2.7,180,0,NA,NA,NA,NA,2000
2015-06-07 22:00,156,20.2,67,1004.5,3.3,200,0,NA,NA,NA,NA,1800
2015-06-07 23:00,156,19.8,70,1003.7,1.7,200,0,NA,NA,8,NA,1800
2015-06-08 0:00,156,19.7,71,1003.5,1.1,230,0,NA,NA,NA,NA,1800
2015-06-08 1:00,156,18.4,75,1002.8,1.5,70,0,NA,NA,NA,NA,1600
2015-06-08 2:00,156,18,77,1002.5,1.9,50,0,NA,NA,6,NA,1600
2015-06-08 3:00,156,17.8,77,1002.1,1.6,50,0,NA,NA,6,NA,2000
2015-06-08 4:00,156,17.7,78,1002.1,1.3,50,0,NA,NA,6,NA,1600
2015-06-08 5:00,156,17.9,78,1001.6,1.4,50,11.1,NA,NA,8,35,1600
2015-06-08 6:00,156,19,73,1001.8,1.5,70,52.8,NA,NA,8,35,1800
2015-06-08 7:00,156,20.2,69,1001.2,1.7,90,97.2,NA,NA,8,30,1800
2015-06-08 8:00,156,21.4,65,1000.7,1.7,70,205.6,NA,NA,10,10,2000
2015-06-08 9:00,156,22.3,60,1000.2,1.2,70,280.6,NA,NA,10,10,2000
2015-06-08 10:00,156,23.7,58,999.7,2,180,347.2,NA,NA,10,10,2000
2015-06-08 11:00,156,23,63,998.9,2,230,116.7,NA,NA,10,10,2000
2015-06-08 12:00,156,22.2,72,999.2,1.6,270,75,0,NA,10,8,1800
2015-06-08 13:00,156,21.3,79,998.7,1.4,20,102.8,0.3,NA,10,8,1100
2015-06-08 14:00,156,20.2,88,998.6,1,90,55.6,1.7,NA,10,8,500
2015-06-08 15:00,156,20.4,89,998,0.6,90,77.8,0.5,NA,10,8,800
2015-06-08 16:00,156,20.4,88,997.5,0.8,50,66.7,1,NA,10,8,1100
2015-06-08 17:00,156,20.1,88,997.4,1.6,20,33.3,0,NA,10,9,1100
2015-06-08 18:00,156,19.9,89,997.3,1,50,38.9,NA,NA,NA,NA,800
2015-06-08 19:00,156,19.3,89,997.3,0.4,360,16.7,NA,NA,NA,NA,700
2015-06-08 20:00,156,19.3,91,997.6,0.4,360,0,NA,NA,9,10,700
2015-06-08 21:00,156,19.4,90,997.6,0.7,70,0,NA,NA,NA,NA,600
2015-06-08 22:00,156,19,90,998,0.7,70,0,NA,NA,NA,NA,600
2015-06-08 23:00,156,18.7,91,997.9,1.4,20,0,NA,NA,9,10,500
2015-06-09 0:00,156,18.3,91,997.9,0.4,360,0,NA,NA,10,8,80
2015-06-09 1:00,156,18.3,92,997.7,1,50,0,NA,NA,10,9,90
2015-06-09 2:00,156,18,92,997.8,1.3,50,0,NA,NA,10,6,60
2015-06-09 3:00,156,17.5,93,998,0.7,20,0,NA,NA,8,10,300
2015-06-09 4:00,156,17.7,93,998.3,0.4,360,0,NA,NA,8,10,300
2015-06-09 5:00,156,17.3,93,998.2,0,0,13.9,NA,NA,8,10,300
2015-06-09 6:00,156,18.1,93,998.6,0.8,90,88.9,NA,NA,9,10,300
2015-06-09 7:00,156,18.8,90,999,0.3,360,138.9,NA,NA,8,10,500
2015-06-09 8:00,156,20.7,78,999.1,0.5,140,233.3,NA,NA,7,10,700
2015-06-09 9:00,156,22.5,69,999.2,1.4,50,630.6,NA,NA,6,10,800
2015-06-09 10:00,156,23.3,65,999.6,1.5,20,416.7,NA,NA,6,10,1200
2015-06-09 11:00,156,26,55,999,1.9,50,702.8,NA,NA,6,10,1500
2015-06-09 12:00,156,25.9,48,999,1.5,360,663.9,NA,NA,6,10,1800
2015-06-09 13:00,156,27.1,45,998.5,2,50,752.8,NA,NA,7,NA,2000
2015-06-09 14:00,156,27.7,42,998.2,2.7,20,780.6,NA,NA,6,10,2000
2015-06-09 15:00,156,28.3,39,998.3,1.2,360,611.1,NA,NA,5,NA,2000
2015-06-09 16:00,156,28.5,36,998.3,1.1,320,427.8,NA,NA,5,NA,2000
2015-06-09 17:00,156,26.8,50,998.6,1.9,270,238.9,NA,NA,5,NA,2000
2015-06-09 18:00,156,24.9,60,999.5,1.9,270,63.9,NA,NA,NA,NA,1300
2015-06-09 19:00,156,23.5,66,1000.1,0.5,290,8.3,NA,NA,NA,NA,2000
2015-06-09 20:00,156,22.7,67,1000.7,0.6,360,0,NA,NA,7,NA,2000
2015-06-09 21:00,156,21.5,71,1001,1.1,250,0,NA,NA,NA,NA,1900
2015-06-09 22:00,156,21.3,73,1000.4,1.1,250,0,NA,NA,NA,NA,1800
2015-06-09 23:00,156,20.8,77,1000.5,0.6,340,0,NA,NA,5,NA,1500
2015-06-10 0:00,156,19.9,79,1000.5,0.9,230,0,NA,NA,NA,NA,1300
2015-06-10 1:00,156,19.8,81,1000.4,0.6,290,0,NA,NA,NA,NA,1300
2015-06-10 2:00,156,19.1,83,1000.9,1.1,250,0,NA,NA,3,NA,1200
2015-06-10 3:00,156,18.8,85,1001.2,0.8,270,0,NA,NA,3,NA,1200
2015-06-10 4:00,156,18.5,86,1001.5,0,0,0,NA,NA,5,NA,1100
2015-06-10 5:00,156,18.4,88,1001.3,1.1,20,11.1,NA,NA,6,NA,800
2015-06-10 6:00,156,19.5,83,1001.3,1.6,70,127.8,NA,NA,6,NA,800
2015-06-10 7:00,156,21.7,74,1000.9,1,70,319.4,NA,NA,6,NA,900
2015-06-10 8:00,156,23.6,65,1000.6,1.2,70,480.6,NA,NA,8,NA,900
2015-06-10 9:00,156,26.1,57,1000.1,1.4,230,622.2,NA,NA,7,NA,900
2015-06-10 10:00,156,28.1,51,1000,2.1,230,708.3,NA,NA,6,NA,1200
2015-06-10 11:00,156,29.4,39,999.6,4.2,200,819.4,NA,NA,7,NA,1800
2015-06-10 12:00,156,30.8,38,998.9,4.3,200,802.8,NA,NA,8,NA,2000
2015-06-10 13:00,156,30,38,998.5,4.7,180,738.9,NA,NA,8,NA,2000
2015-06-10 14:00,156,30,39,998.5,4.5,200,686.1,NA,NA,4,NA,2000
2015-06-10 15:00,156,29.8,36,998.2,4.6,200,638.9,NA,NA,3,35,2000
2015-06-10 16:00,156,29.4,29,997.9,4.8,180,427.8,NA,NA,4,10,2000
2015-06-10 17:00,156,28.5,33,998.1,4.2,200,322.2,NA,NA,7,35,2000
2015-06-10 18:00,156,26.8,37,998.5,3.7,180,158.3,NA,NA,NA,NA,2000
2015-06-10 19:00,156,25.1,42,998.5,2.8,180,13.9,NA,NA,NA,NA,2000
2015-06-10 20:00,156,24.1,49,998.8,3.5,200,0,NA,NA,8,NA,2000
2015-06-10 21:00,156,23.2,51,998.3,1.2,110,0,NA,NA,NA,NA,2000
2015-06-10 22:00,156,22.5,53,998.6,0.7,90,0,NA,NA,NA,NA,2000
2015-06-10 23:00,156,22.4,55,998.5,0.8,50,0,NA,NA,6,NA,2000
2015-06-11 0:00,156,21.6,61,997.9,1.2,90,0,NA,NA,NA,NA,2000
2015-06-11 1:00,156,21.8,63,997.4,0.8,70,0,NA,NA,NA,NA,2000
2015-06-11 2:00,156,21.9,66,996.8,2.3,50,0,NA,NA,10,10,2000
2015-06-11 3:00,156,20.8,77,996.4,1.7,70,0,0.1,NA,10,8,1200
2015-06-11 4:00,156,20.6,81,995.9,1.6,70,0,0.1,NA,10,8,1100
2015-06-11 5:00,156,20.6,82,995.2,1,110,2.8,0,NA,10,8,1500
2015-06-11 6:00,156,21.3,80,995.2,1.5,250,30.6,0,NA,10,9,1500
2015-06-11 7:00,156,21.9,75,995.1,0.9,360,52.8,NA,NA,10,9,1800
2015-06-11 8:00,156,22.5,73,994.9,0.8,340,86.1,0,NA,10,9,1800
2015-06-11 9:00,156,22.7,73,994.6,1.7,20,91.7,NA,NA,10,9,2000
2015-06-11 10:00,156,23.7,71,994.3,1.5,340,280.6,NA,NA,10,10,2000
2015-06-11 11:00,156,24.1,69,994.4,1.1,230,175,0,NA,10,8,2000
2015-06-11 12:00,156,24.9,67,993.9,3,180,225,0,NA,10,10,2000
2015-06-11 13:00,156,25,66,993.3,4.9,180,375,NA,NA,10,10,2000
2015-06-11 14:00,156,24.3,70,993.4,3.5,180,236.1,NA,NA,10,10,2000
2015-06-11 15:00,156,24.6,71,993.1,2.8,180,144.4,NA,NA,10,10,2000
2015-06-11 16:00,156,24.3,72,992.9,2.3,180,122.2,NA,NA,10,10,2000
2015-06-11 17:00,156,24.7,71,993.2,3.3,200,113.9,NA,NA,10,10,1500
2015-06-11 18:00,156,24.2,73,993.4,3.2,200,80.6,NA,NA,NA,NA,1300
2015-06-11 19:00,156,23.8,74,993.9,3.3,200,8.3,NA,NA,NA,NA,800
2015-06-11 20:00,156,23.7,76,994.2,3.6,200,0,NA,NA,10,10,600
2015-06-11 21:00,156,23.6,77,994.6,1.7,180,0,NA,NA,NA,NA,600
2015-06-11 22:00,156,23.4,80,995.3,4.5,230,0,NA,NA,NA,NA,500
2015-06-11 23:00,156,22.7,82,994.8,3.8,230,0,NA,NA,9,10,300
2015-06-12 0:00,156,22.4,84,994.9,4.4,230,0,NA,NA,NA,NA,300
2015-06-12 1:00,156,22.1,84,994.9,3.9,230,0,NA,NA,NA,NA,300
2015-06-12 2:00,156,21.6,83,995.2,1.7,230,0,NA,NA,6,10,300
2015-06-12 3:00,156,20.7,82,995.1,2.3,230,0,NA,NA,5,10,300
2015-06-12 4:00,156,20.6,82,996.1,1.9,250,0,NA,NA,4,10,300
2015-06-12 5:00,156,20.2,84,996.3,1.9,230,11.1,NA,NA,3,10,250
2015-06-12 6:00,156,20.9,82,996.6,2.1,230,86.1,NA,NA,3,10,300
2015-06-12 7:00,156,21.8,77,997,2.2,230,236.1,NA,NA,4,10,400
2015-06-12 8:00,156,23.9,70,997,1.4,230,452.8,NA,NA,0,NA,500
2015-06-12 9:00,156,25.5,61,996.9,2.3,230,627.8,NA,NA,0,NA,600
2015-06-12 10:00,156,27.2,49,996.9,3.2,230,761.1,NA,NA,0,NA,1100
2015-06-12 11:00,156,29.3,38,996.4,4.5,250,863.9,NA,NA,0,NA,1500
2015-06-12 12:00,156,29.8,31,996.1,4.9,270,913.9,NA,NA,1,10,2000
2015-06-12 13:00,156,31,28,996.2,6.1,230,880.6,NA,NA,1,10,2000
2015-06-12 14:00,156,31.6,24,996.2,4.3,270,777.8,NA,NA,1,10,2000
2015-06-12 15:00,156,31.4,23,996.1,5,230,655.6,NA,NA,4,NA,2000
2015-06-12 16:00,156,30.6,24,996.4,4.2,250,450,NA,NA,5,NA,2000
2015-06-12 17:00,156,29.4,25,995.9,3.3,250,311.1,NA,NA,4,NA,2000
2015-06-12 18:00,156,28.3,27,996.5,2.6,230,83.3,NA,NA,NA,NA,2000
2015-06-12 19:00,156,27.3,29,996.6,3.2,200,27.8,NA,NA,NA,NA,2000
2015-06-12 20:00,156,25.6,36,997.4,1.6,200,0,NA,NA,5,NA,2000
2015-06-12 21:00,156,25,38,998.1,2.5,200,0,NA,NA,NA,NA,2000
2015-06-12 22:00,156,24.8,40,998.5,2.5,200,0,NA,NA,NA,NA,2000
2015-06-12 23:00,156,24.1,44,998.2,1.6,200,0,NA,NA,3,NA,2000
2015-06-13 0:00,156,23.4,48,998,0.8,250,0,NA,NA,NA,NA,1500
2015-06-13 1:00,156,22.8,54,997.9,0.9,250,0,NA,NA,NA,NA,1500
2015-06-13 2:00,156,22.5,56,997.8,0.6,290,0,NA,NA,5,NA,1200
2015-06-13 3:00,156,22,60,997.8,0.8,50,0,NA,NA,7,NA,1500
2015-06-13 4:00,156,21.8,59,998.1,0.8,20,0,NA,NA,7,10,1500
2015-06-13 5:00,156,22.2,59,998.5,0.5,290,2.8,NA,NA,8,NA,1500
2015-06-13 6:00,156,22.6,57,998.8,0.8,270,33.3,NA,NA,10,10,1500
2015-06-13 7:00,156,23.9,54,999.1,0.9,270,125,NA,NA,10,30,1300
2015-06-13 8:00,156,26.1,52,998.5,0.5,230,188.9,NA,NA,10,30,1200
2015-06-13 9:00,156,26.5,52,998.4,2.5,230,219.4,NA,NA,10,30,1500
2015-06-13 10:00,156,27.3,50,998.8,3.1,230,291.7,NA,NA,10,30,1500
2015-06-13 11:00,156,27.6,51,998.8,3.4,230,411.1,NA,NA,10,30,1500
2015-06-13 12:00,156,27.6,53,998.2,3.1,200,380.6,NA,NA,10,30,1800
2015-06-13 13:00,156,28.6,50,997.9,3.1,200,508.3,NA,NA,8,NA,1800
2015-06-13 14:00,156,28.4,49,998.1,3.5,200,525,NA,NA,8,NA,1800
2015-06-13 15:00,156,27.8,49,998.3,5.3,200,405.6,NA,NA,8,NA,1800
2015-06-13 16:00,156,27.2,51,998.5,4.9,200,305.6,NA,NA,7,NA,1800
2015-06-13 17:00,156,25.1,58,999.1,5.4,180,294.4,NA,NA,6,10,2000
2015-06-13 18:00,156,23.3,62,999.4,4.4,200,125,NA,NA,NA,NA,2000
2015-06-13 19:00,156,21.9,68,999.9,4,180,16.7,NA,NA,NA,NA,1900
2015-06-13 20:00,156,21.9,70,1000.3,4.5,180,0,NA,NA,7,10,1800
2015-06-13 21:00,156,21.6,72,1000.6,1.9,200,0,NA,NA,NA,NA,1600
2015-06-13 22:00,156,21,75,1000.2,1.5,180,0,NA,NA,NA,NA,1600
2015-06-13 23:00,156,20.4,75,1000,2.1,180,0,NA,NA,0,NA,1800
2015-06-14 0:00,156,19.9,77,999.5,0.7,200,0,NA,NA,NA,NA,1800
2015-06-14 1:00,156,20.3,74,999.3,5.1,200,0,NA,NA,NA,NA,1700
2015-06-14 2:00,156,20.4,73,999.3,3.7,180,0,NA,NA,3,NA,2000
2015-06-14 3:00,156,20.1,73,999.5,1.9,180,0,NA,NA,3,10,2000
2015-06-14 4:00,156,19.7,74,999,1.2,90,0,NA,NA,5,10,2000
2015-06-14 5:00,156,19.5,76,999.4,2.1,50,11.1,NA,NA,4,NA,2000
2015-06-14 6:00,156,20.7,72,999.9,1.2,20,125,NA,NA,3,10,2000
2015-06-14 7:00,156,21.8,71,1000.4,2.5,70,155.6,NA,NA,8,10,2000
2015-06-14 8:00,156,23,66,1000.5,0.7,70,313.9,NA,NA,9,10,2000
2015-06-14 9:00,156,24.2,66,1000.1,1.5,180,269.4,NA,NA,8,10,2000
2015-06-14 10:00,156,24.8,62,999.8,3.7,70,466.7,NA,NA,8,10,2000
2015-06-14 11:00,156,25.1,60,999.2,1.6,180,511.1,NA,NA,10,10,2000
2015-06-14 12:00,156,23,77,998.3,3.7,200,33.3,0.5,NA,10,7,1200
2015-06-14 13:00,156,25.5,69,997.6,4.2,200,427.8,0,NA,6,10,1700
2015-06-14 14:00,156,25.2,67,998.1,3.7,200,413.9,NA,NA,9,10,1800
2015-06-14 15:00,156,22.3,75,998.6,3.4,70,77.8,0,NA,10,10,2000
2015-06-14 16:00,156,20.2,88,999.2,2.2,360,33.3,33,NA,10,8,1200
2015-06-14 17:00,156,19.9,89,999.3,1.9,70,44.4,0,NA,10,10,1500
2015-06-14 18:00,156,20.5,89,999.4,1.5,20,33.3,0,NA,10,8,1500
2015-06-14 19:00,156,20,90,999.6,1.4,70,8.3,0,NA,10,10,1500
2015-06-14 20:00,156,20.1,90,999.8,0.9,50,0,NA,NA,7,10,1500
2015-06-14 21:00,156,20.2,91,1000,0.1,360,0,NA,NA,NA,NA,1100
2015-06-14 22:00,156,20.4,90,1000.4,1.1,50,0,NA,NA,NA,NA,1100
2015-06-14 23:00,156,20.6,90,1000.3,1.2,50,0,NA,NA,7,10,1100
2015-06-15 0:00,156,20.5,90,1000.1,0.7,90,0,NA,NA,NA,NA,1100
2015-06-15 1:00,156,20.5,90,999.7,0.2,360,0,NA,NA,NA,NA,1200
2015-06-15 2:00,156,20.5,90,999.6,0.3,360,0,NA,NA,8,10,1100
2015-06-15 3:00,156,20.7,89,999.8,0.3,360,0,NA,NA,8,10,900
2015-06-15 4:00,156,20.6,90,1000,0.4,360,0,NA,NA,8,10,700
2015-06-15 5:00,156,20.8,90,1000.1,0.2,360,5.6,NA,NA,8,10,900
2015-06-15 6:00,156,21.3,88,1000,0.1,360,36.1,NA,NA,8,10,1200
2015-06-15 7:00,156,22.7,80,1000.1,0,0,172.2,NA,NA,8,10,1200
2015-06-15 8:00,156,23.9,75,1000,1.1,230,266.7,NA,NA,8,10,800
2015-06-15 9:00,156,24.4,75,999.7,0.5,70,269.4,NA,NA,7,10,800
2015-06-15 10:00,156,25,67,999.9,1.4,20,477.8,NA,NA,8,10,800
2015-06-15 11:00,156,27.1,61,999.5,1.6,250,672.2,NA,NA,5,10,800
2015-06-15 12:00,156,27.1,54,999.1,1.1,340,608.3,NA,NA,8,10,1200
2015-06-15 13:00,156,29.3,46,998.4,2.5,250,569.4,NA,NA,5,10,1700
2015-06-15 14:00,156,29.3,43,998,2.3,250,775,NA,NA,6,10,1800
2015-06-15 15:00,156,28.1,48,997.9,2.7,250,436.1,NA,NA,8,10,1500
2015-06-15 16:00,156,25.6,68,998,2.4,270,166.7,NA,NA,10,10,600
2015-06-15 17:00,156,24.3,72,998.5,2.1,290,61.1,NA,NA,10,10,500
2015-06-15 18:00,156,23.7,74,998.5,1.5,290,13.9,NA,NA,NA,NA,600
2015-06-15 19:00,156,23.1,76,999,2.6,270,0,NA,NA,NA,NA,500
2015-06-15 20:00,156,22.7,77,999,1.7,250,0,NA,NA,10,10,400
2015-06-15 21:00,156,22.5,78,999.3,1.5,270,0,NA,NA,NA,NA,500
2015-06-15 22:00,156,22,81,999.2,0.6,290,0,NA,NA,NA,NA,500
2015-06-15 23:00,156,21.9,81,999,1.4,270,0,NA,NA,10,10,500
2015-06-16 0:00,156,21.8,81,999.2,0.2,360,0,NA,NA,NA,NA,500
2015-06-16 1:00,156,21.8,81,998.9,0.9,230,0,0,NA,10,10,500
2015-06-16 2:00,156,21.5,83,998.4,0.6,270,0,NA,NA,10,10,500
2015-06-16 3:00,156,21.2,84,998.3,1.3,270,0,NA,NA,10,10,400
2015-06-16 4:00,156,20.9,85,997.7,0.5,230,0,NA,NA,10,10,400
2015-06-16 5:00,156,20.8,85,997.6,1.2,270,2.8,NA,NA,10,10,400
2015-06-16 6:00,156,20.9,85,997.9,1.9,230,25,NA,NA,10,10,400
2015-06-16 7:00,156,21.6,81.6,998.1,0.8,340,111.1,NA,NA,10,10,400
2015-06-16 8:00,156,21.4,80.8,998.1,1.1,320,83.3,NA,NA,10,10,500
2015-06-16 9:00,156,22.9,75,998.1,1.3,270,297.2,NA,NA,10,10,600
2015-06-16 10:00,156,24.2,69,997.8,2.3,50,450,NA,NA,9,10,600
2015-06-16 11:00,156,26,60,997.6,0.7,140,600,NA,NA,7,10,800
2015-06-16 12:00,156,26.5,57,997.1,1,340,636.1,NA,NA,7,10,700
2015-06-16 13:00,156,28.1,50,996.5,2.4,230,755.6,NA,NA,6,10,900
2015-06-16 14:00,156,28,49,996.3,2.5,270,561.1,NA,NA,6,10,900
2015-06-16 15:00,156,28.2,50,995.7,2.6,230,552.8,NA,NA,6,10,1100
2015-06-16 16:00,156,27.3,57,995.4,4.1,270,433.3,NA,NA,4,10,800
2015-06-16 17:00,156,26.2,63,995.7,2.1,270,283.3,NA,NA,4,10,900
2015-06-16 18:00,156,24.1,67,996.1,2.7,270,130.6,NA,NA,NA,NA,800
2015-06-16 19:00,156,22.9,69,996.6,1.2,290,11.1,NA,NA,NA,NA,900
2015-06-16 20:00,156,21.9,73,997.3,2,250,0,NA,NA,5,NA,700
2015-06-16 21:00,156,21.3,77,997.8,0.6,20,0,NA,NA,NA,NA,700
2015-06-16 22:00,156,20.9,80,997.8,1,270,0,NA,NA,NA,NA,500
2015-06-16 23:00,156,20.2,83,997.6,1.8,230,0,NA,NA,5,NA,500
2015-06-17 0:00,156,19.8,84,997.6,1.4,230,0,NA,NA,NA,NA,420
2015-06-17 1:00,156,19.6,84,997.2,2.5,230,0,NA,NA,NA,NA,430
2015-06-17 2:00,156,19.8,85,996.9,0.2,360,0,NA,NA,8,10,500
2015-06-17 3:00,156,20,84,996.5,0.3,360,0,NA,NA,8,NA,300
2015-06-17 4:00,156,19.8,85,996.6,1.6,50,0,NA,NA,9,NA,300
2015-06-17 5:00,156,19.8,86,996.8,1.4,70,5.6,NA,NA,10,28,300
2015-06-17 6:00,156,20.5,83,996.9,0.2,360,66.7,NA,NA,10,28,300
2015-06-17 7:00,156,21.4,79,997,0.3,360,113.9,NA,NA,10,28,300
2015-06-17 8:00,156,23.2,73,997.1,0.8,20,244.4,NA,NA,10,10,500
2015-06-17 9:00,156,23.4,70,996.9,0.9,140,183.3,NA,NA,10,10,500
2015-06-17 10:00,156,23.3,70,997.1,3,200,127.8,NA,NA,10,10,500
2015-06-17 11:00,156,23.9,70,996.8,2.9,200,155.6,NA,NA,10,10,600
2015-06-17 12:00,156,23,71,996.4,3.2,200,194.4,NA,NA,10,10,600
2015-06-17 13:00,156,21.9,76,996.8,4.1,200,66.7,0,NA,10,8,600
2015-06-17 14:00,156,21.1,79,996.3,3.3,200,50,0,NA,10,10,600
2015-06-17 15:00,156,20.9,77,995.8,3.5,200,52.8,0,NA,10,8,900
2015-06-17 16:00,156,21.5,75,995.7,1.6,230,111.1,0,NA,10,10,1200
2015-06-17 17:00,156,21.3,73,995.2,2,200,77.8,NA,NA,10,10,1200
2015-06-17 18:00,156,21,74,995.7,2,200,50,NA,NA,NA,NA,1200
2015-06-17 19:00,156,20.8,75,995.9,1.2,180,8.3,NA,NA,NA,NA,900
2015-06-17 20:00,156,20.8,74,996.5,1.6,50,0,NA,NA,10,10,800
2015-06-17 21:00,156,20.7,74,996.8,2.5,50,0,NA,NA,NA,NA,800
2015-06-17 22:00,156,20.6,74,996.9,2.7,70,0,NA,NA,NA,NA,900
2015-06-17 23:00,156,20.2,78,996.5,1.6,70,0,NA,NA,8,10,700
2015-06-18 0:00,156,19.5,80,996.5,1.9,50,0,NA,NA,NA,NA,600
2015-06-18 1:00,156,19.3,80,996.2,1.5,50,0,NA,NA,NA,NA,700
2015-06-18 2:00,156,19.3,82,996,2.4,20,0,NA,NA,6,NA,600
2015-06-18 3:00,156,18.9,86,996,2.6,70,0,NA,NA,6,NA,500
2015-06-18 4:00,156,18.7,87,996.2,1.8,50,0,NA,NA,6,NA,400
2015-06-18 5:00,156,19.1,86,996.4,2,50,16.7,NA,NA,7,NA,300
2015-06-18 6:00,156,20.3,81,996.5,2.3,50,122.2,NA,NA,8,NA,500
2015-06-18 7:00,156,22,69,996.7,2.2,70,261.1,NA,NA,8,NA,900
2015-06-18 8:00,156,24,61,996.6,4.2,70,452.8,NA,NA,7,35,1100
2015-06-18 9:00,156,25.3,53,996.5,2.2,50,552.8,NA,NA,5,10,1500
2015-06-18 10:00,156,26,52,996.5,1.1,90,733.3,NA,NA,6,NA,1800
2015-06-18 11:00,156,28.2,49,996.3,1.9,90,888.9,NA,NA,6,10,1800
2015-06-18 12:00,156,28.8,44,995.8,1.5,250,841.7,NA,NA,5,10,1800
2015-06-18 13:00,156,30.2,39,995.4,1.4,340,838.9,NA,NA,6,10,1800
2015-06-18 14:00,156,30,36,994.7,2.2,20,661.1,NA,NA,7,10,2000
2015-06-18 15:00,156,30,36,994.8,1.6,20,491.7,NA,NA,7,10,2000
2015-06-18 16:00,156,27.5,51,994.7,2.3,340,288.9,NA,NA,9,10,2000
2015-06-18 17:00,156,26.5,60,995.6,1.6,20,150,NA,NA,10,10,2000
2015-06-18 18:00,156,26,62,996.4,0.8,20,66.7,NA,NA,NA,NA,1800
2015-06-18 19:00,156,25.1,63,996.8,0.5,340,19.4,NA,NA,NA,NA,1700
2015-06-18 20:00,156,23,82,997.8,3.1,160,0,0,NA,10,8,900
2015-06-18 21:00,156,22.6,82,998.6,1.7,180,0,0,NA,10,10,900
2015-06-18 22:00,156,22.5,78.8,999,1.5,200,0,NA,NA,NA,NA,900
2015-06-18 23:00,156,22.3,82,998.8,1.7,200,0,NA,NA,10,28,900
2015-06-19 0:00,156,22,82,998.6,1.8,200,0,NA,NA,NA,NA,900
2015-06-19 1:00,156,21.6,87,998.7,0.8,160,0,NA,NA,NA,NA,700
2015-06-19 2:00,156,21.3,88,998.8,1.1,160,0,NA,NA,7,30,800
2015-06-19 3:00,156,20.9,89,999.2,0.4,360,0,NA,NA,6,NA,700
2015-06-19 4:00,156,20.8,90,999.5,0.8,200,0,NA,NA,6,NA,700
2015-06-19 5:00,156,20.9,89,1000,0.5,200,19.4,NA,NA,7,10,700
2015-06-19 6:00,156,21.5,91,1000.3,0.6,250,86.1,NA,NA,8,10,500
2015-06-19 7:00,156,22.1,86,1000.1,0.3,360,213.9,NA,NA,7,10,500
2015-06-19 8:00,156,23.3,80,1000.4,1,200,308.3,NA,NA,8,10,500
2015-06-19 9:00,156,23.7,77,1000.6,1.7,250,361.1,NA,NA,10,10,600
2015-06-19 10:00,156,24.8,68,1000.5,1.5,250,386.1,NA,NA,10,10,700
2015-06-19 11:00,156,26.1,61,1000.3,1.9,250,747.2,NA,NA,9,10,900
2015-06-19 12:00,156,27.9,59,999.7,1.4,250,730.6,NA,NA,8,10,900
2015-06-19 13:00,156,28.1,55,999.2,1.7,270,822.2,NA,NA,8,10,1100
2015-06-19 14:00,156,28.9,56,998.9,1.3,340,713.9,NA,NA,7,10,1200
2015-06-19 15:00,156,27.7,58,998.8,3,270,480.6,NA,NA,7,10,1500
2015-06-19 16:00,156,27.4,58,998.7,1.9,290,338.9,NA,NA,7,10,1200
2015-06-19 17:00,156,26,64,999,3.8,250,327.8,NA,NA,4,10,1200
2015-06-19 18:00,156,24.9,69,999.9,2.1,270,141.7,NA,NA,NA,NA,900
2015-06-19 19:00,156,23.1,77,1000.3,1.6,270,30.6,NA,NA,NA,NA,800
2015-06-19 20:00,156,22.4,79,1001.2,3.1,250,0,NA,NA,6,10,800
2015-06-19 21:00,156,21.8,81,1001.8,1.5,250,0,NA,NA,NA,NA,800
2015-06-19 22:00,156,21.2,86,1002.2,1.4,250,0,NA,NA,NA,NA,600
2015-06-19 23:00,156,20.9,88,1001.8,1.4,230,0,NA,NA,7,NA,500
2015-06-20 0:00,156,20.5,90,1001.8,1.7,200,0,NA,NA,NA,NA,500
2015-06-20 1:00,156,20.2,90,1001.8,1.1,230,0,NA,NA,NA,NA,600
2015-06-20 2:00,156,20.1,92,1001.3,1.9,230,0,NA,NA,7,NA,500
2015-06-20 3:00,156,20.1,92,1001.5,1.3,230,0,NA,NA,10,10,500
2015-06-20 4:00,156,20,93,1001.8,0.9,250,0,NA,NA,10,10,500
2015-06-20 5:00,156,20.4,91,1001.8,1.5,230,13.9,NA,NA,10,10,500
2015-06-20 6:00,156,20.4,91,1001.9,1.6,230,44.4,NA,NA,10,10,500
2015-06-20 7:00,156,20.5,90,1001.7,2.5,230,69.4,NA,NA,10,10,500
2015-06-20 8:00,156,20.9,89,1002,1.6,200,119.4,0,NA,10,8,500
2015-06-20 9:00,156,21,88,1001.6,2.3,200,155.6,0,NA,10,8,600
2015-06-20 10:00,156,21.4,87,1001.6,0.9,230,258.3,0,NA,10,8,700
2015-06-20 11:00,156,21.9,78,1001.3,0.9,160,344.4,0,NA,10,10,1200
2015-06-20 12:00,156,22.2,80,1001.7,2,250,263.9,0,NA,10,8,1100
2015-06-20 13:00,156,20,90,1000.7,3.5,180,133.3,2,NA,10,8,500
2015-06-20 14:00,156,20.1,94,1000.9,2.8,200,180.6,0,NA,10,8,500
2015-06-20 15:00,156,21.1,83,1000.7,2.6,180,286.1,0,NA,10,10,1200
2015-06-20 16:00,156,21.6,80,1000,2.7,180,275,NA,NA,8,10,1500
2015-06-20 17:00,156,21.2,85,999.7,2.5,200,136.1,NA,NA,10,10,1600
2015-06-20 18:00,156,20,96,999.9,1.5,160,27.8,2.5,NA,10,8,400
2015-06-20 19:00,156,19.5,97,999.9,1.8,230,13.9,7,NA,10,8,400
2015-06-20 20:00,156,19.5,94,1000.6,0.8,20,0,0.5,NA,10,8,1800
2015-06-20 21:00,156,18.7,98,1000.7,1.2,110,0,0.5,NA,10,8,1800
2015-06-20 22:00,156,19.6,97,1000.5,1.3,160,0,0,NA,10,9,600
2015-06-20 23:00,156,19.4,97,1000.3,1.8,200,0,NA,NA,10,10,600
2015-06-21 0:00,156,19.2,97,1000.3,0.9,110,0,NA,NA,NA,NA,600
2015-06-21 1:00,156,19.6,95,1000.4,1.4,180,0,NA,NA,NA,NA,700
2015-06-21 2:00,156,19.2,97,1000.4,1.9,230,0,NA,NA,9,10,600
2015-06-21 3:00,156,19.2,97,1000.9,1,230,0,NA,NA,9,10,400
2015-06-21 4:00,156,19.1,97,1001.3,0.9,250,0,NA,NA,10,10,700
2015-06-21 5:00,156,18.7,97,1001.6,1.3,230,19.4,NA,NA,9,10,700
2015-06-21 6:00,156,19.3,93,1001.9,0.4,360,13.9,NA,NA,9,10,900
2015-06-21 7:00,156,20.3,88,1002.2,0,0,83.3,NA,NA,8,10,1200
2015-06-21 8:00,156,21,85,1002.4,0.4,360,280.6,NA,NA,8,10,1300
2015-06-21 9:00,156,22.7,73,1002.1,0.7,90,108.3,NA,NA,7,10,1500
2015-06-21 10:00,156,24.3,70,1002,1.2,230,691.7,NA,NA,7,10,1800
2015-06-21 11:00,156,24.2,65,1001.7,1.2,230,583.3,NA,NA,7,10,2000
2015-06-21 12:00,156,24.5,62,1001.2,0.7,180,755.6,NA,NA,7,10,2000
2015-06-21 13:00,156,25.6,59,1000.8,1.8,180,355.6,NA,NA,6,10,2000
2015-06-21 14:00,156,25.1,58,1000.5,1.1,140,313.9,NA,NA,7,10,2000
2015-06-21 15:00,156,25.2,61,1000.6,0.8,90,236.1,NA,NA,8,10,2000
2015-06-21 16:00,156,24.5,66,1000.5,2.7,200,111.1,0,NA,8,9,2000
2015-06-21 17:00,156,24.7,67,1000.7,2.5,200,172.2,NA,NA,8,10,2000
2015-06-21 18:00,156,24,65,1001.5,3.7,200,94.4,NA,NA,NA,NA,2000
2015-06-21 19:00,156,23,72,1002.1,4,200,27.8,NA,NA,NA,NA,1900
2015-06-21 20:00,156,21.7,85,1002.8,4,230,0,NA,NA,6,10,1500
2015-06-21 21:00,156,21.3,79,1002.9,2,200,0,NA,NA,NA,NA,2000
2015-06-21 22:00,156,20.6,74,1003.2,1.8,200,0,NA,NA,NA,NA,2000
2015-06-21 23:00,156,19.8,81,1003.4,1.5,230,0,NA,NA,3,10,2000
2015-06-22 0:00,156,19.4,85,1003.1,0,0,0,NA,NA,NA,NA,1800
2015-06-22 1:00,156,19.2,88,1002.7,0.9,50,0,NA,NA,NA,NA,1600
2015-06-22 2:00,156,18.8,91,1002.6,0.6,160,0,NA,NA,8,35,1200
2015-06-22 3:00,156,18.7,90,1002.6,0.2,360,0,NA,NA,7,35,1200
2015-06-22 4:00,156,18.4,91,1002.5,0.5,230,0,NA,NA,8,35,1200
2015-06-22 5:00,156,18.7,93,1003,0.9,250,19.4,NA,NA,9,35,1100
2015-06-22 6:00,156,19.2,91,1002.9,0.3,360,72.2,NA,NA,10,10,900
2015-06-22 7:00,156,20.3,85,1003.2,0.4,360,197.2,NA,NA,7,10,1200
2015-06-22 8:00,156,21.7,78,1002.8,1,70,444.4,NA,NA,8,10,1200
2015-06-22 9:00,156,23.1,71,1002.8,0.7,50,458.3,NA,NA,8,10,1700
2015-06-22 10:00,156,24.1,65,1002.4,0.4,360,525,NA,NA,8,10,1800
2015-06-22 11:00,156,24.8,58,1001.9,1.7,180,611.1,NA,NA,8,10,2000
2015-06-22 12:00,156,26.7,52,1001.5,4.2,200,850,NA,NA,7,10,2000
2015-06-22 13:00,156,27.7,55,1001,2.2,230,894.4,NA,NA,6,10,2000
2015-06-22 14:00,156,26.9,51,1000.4,2.8,180,741.7,NA,NA,6,10,2000
2015-06-22 15:00,156,26.1,55,1000.6,3.5,200,602.8,NA,NA,6,10,2000
2015-06-22 16:00,156,27.2,55,1000.8,4.1,200,497.2,NA,NA,5,10,2000
2015-06-22 17:00,156,25.2,61,1000.9,3.6,200,305.6,NA,NA,6,10,2000
2015-06-22 18:00,156,24.4,63,1001.3,4.1,200,119.4,NA,NA,NA,NA,2000
2015-06-22 19:00,156,23.5,69,1001.6,3.1,200,30.6,NA,NA,NA,NA,2000
2015-06-22 20:00,156,22.3,76,1002.2,3.2,230,0,NA,NA,3,10,1800
2015-06-22 21:00,156,21.9,77,1003.2,1.3,250,0,NA,NA,NA,NA,1800
2015-06-22 22:00,156,21.6,83,1003.5,0.5,320,0,NA,NA,NA,NA,1200
2015-06-22 23:00,156,21.2,85,1003.5,0.1,360,0,NA,NA,6,10,1100
2015-06-23 0:00,156,20.6,81,1003.1,1.2,180,0,NA,NA,NA,NA,1700
2015-06-23 1:00,156,19.9,82,1003,0.6,140,0,NA,NA,NA,NA,1800
2015-06-23 2:00,156,19.6,83,1002.8,0.5,180,0,NA,NA,6,10,1800
2015-06-23 3:00,156,19.3,87,1002.5,0.2,360,0,NA,NA,4,NA,1600
2015-06-23 4:00,156,19.2,94,1002.9,0.6,90,0,NA,NA,3,NA,800
2015-06-23 5:00,156,19.4,92,1003.1,0.7,50,27.8,NA,NA,3,NA,900
2015-06-23 6:00,156,20.6,88,1003.1,1.3,20,158.3,NA,NA,3,NA,900
2015-06-23 7:00,156,21.8,84,1003.2,2,70,316.7,NA,NA,3,NA,1100
2015-06-23 8:00,156,23.4,74,1003,1.4,20,502.8,NA,NA,5,NA,1300
2015-06-23 9:00,156,25,67,1003,1.6,50,655.6,NA,NA,5,NA,1500
2015-06-23 10:00,156,26.5,59,1002.8,2.8,50,780.6,NA,NA,8,NA,2000
2015-06-23 11:00,156,27.2,58,1002.1,1.4,90,761.1,NA,NA,8,NA,2000
2015-06-23 12:00,156,28.7,55,1001.8,1.4,230,602.8,NA,NA,6,10,2000
2015-06-23 13:00,156,29,48,1001.7,1.4,230,794.4,NA,NA,7,10,2000
2015-06-23 14:00,156,28.7,52,1001.3,2.8,230,411.1,NA,NA,8,10,2000
2015-06-23 15:00,156,28.4,51,1001.2,1.6,200,286.1,NA,NA,8,10,2000
2015-06-23 16:00,156,28.6,52,1000.8,2.1,180,297.2,NA,NA,8,10,2000
2015-06-23 17:00,156,28,55,1000.8,1.2,200,144.4,NA,NA,8,10,2000
2015-06-23 18:00,156,26.7,64,1001,1.7,270,41.7,NA,NA,NA,NA,2000
2015-06-23 19:00,156,25.4,67,1001.8,1.6,250,27.8,NA,NA,NA,NA,1700
2015-06-23 20:00,156,24.7,69,1002.4,1.1,270,0,NA,NA,8,10,1800
2015-06-23 21:00,156,24,66,1002.7,0.4,360,0,NA,NA,NA,NA,1900
2015-06-23 22:00,156,23.8,66,1002.7,0.8,250,0,NA,NA,NA,NA,1900
2015-06-23 23:00,156,23.4,68,1002.3,0.3,360,0,NA,NA,8,10,1800
2015-06-24 0:00,156,23,73,1002.1,0.4,360,0,NA,NA,NA,NA,1300
2015-06-24 1:00,156,22.7,73,1002,0.3,360,0,NA,NA,NA,NA,1300
2015-06-24 2:00,156,22.2,76,1002,0.3,360,0,NA,NA,8,10,1100
2015-06-24 3:00,156,22,76,1001.5,0.6,70,0,NA,NA,8,35,1100
2015-06-24 4:00,156,21.7,81,1001.7,0.5,290,0,NA,NA,8,35,1100
2015-06-24 5:00,156,21.7,83,1002,0.3,360,30.6,NA,NA,7,NA,1100
2015-06-24 6:00,156,22,84,1002.2,0.4,360,94.4,NA,NA,10,28,1100
2015-06-24 7:00,156,22.3,84,1002.1,1,200,155.6,NA,NA,10,28,900
2015-06-24 8:00,156,23.3,76,1001.6,0.4,360,266.7,NA,NA,10,28,700
2015-06-24 9:00,156,24.9,73,1001.4,1.5,20,433.3,NA,NA,10,28,800
2015-06-24 10:00,156,25.1,71,1001.5,1.1,160,394.4,NA,NA,10,10,900
2015-06-24 11:00,156,25.2,73,1001.4,0.5,50,227.8,NA,NA,10,10,1200
2015-06-24 12:00,156,25.3,61,1000.9,2.2,180,250,NA,NA,10,28,1600
2015-06-24 13:00,156,25.7,58,1000.6,1.9,230,266.7,NA,NA,10,10,1800
2015-06-24 14:00,156,25.1,61,1000.5,2.9,200,222.2,NA,NA,10,10,1700
2015-06-24 15:00,156,24.9,65,999.9,1.8,180,158.3,NA,NA,10,10,1300
2015-06-24 16:00,156,24.7,69,999.2,2.4,200,177.8,0,NA,10,10,1100
2015-06-24 17:00,156,23.9,74,999.1,2.5,200,80.6,NA,NA,10,28,1100
2015-06-24 18:00,156,24,70,999,1.3,70,55.6,NA,NA,NA,NA,1100
2015-06-24 19:00,156,23.5,70,998.7,2.2,70,27.8,NA,NA,NA,NA,1100
2015-06-24 20:00,156,23.2,71,999.1,1.4,70,0,NA,NA,8,NA,1200
2015-06-24 21:00,156,22.7,79,999.3,1.3,230,0,NA,NA,NA,NA,700
2015-06-24 22:00,156,22.4,81,999.4,0.4,360,0,NA,NA,NA,NA,600
2015-06-24 23:00,156,21.8,85,999.2,0.9,270,0,NA,NA,4,NA,600
2015-06-25 0:00,156,21.2,87,998.6,1,230,0,NA,NA,NA,NA,490
2015-06-25 1:00,156,20.9,89,997.9,0.6,360,0,NA,NA,NA,NA,440
2015-06-25 2:00,156,20.4,93,997.4,0.4,360,0,NA,NA,6,NA,300
2015-06-25 3:00,156,20.1,85,997.2,1,70,0,NA,NA,6,NA,600
2015-06-25 4:00,156,20.6,80,997.6,0.9,50,0,NA,NA,9,10,700
2015-06-25 5:00,156,20.6,83,997.6,0.1,360,22.2,NA,NA,10,10,600
2015-06-25 6:00,156,21.4,77,997.1,0.8,70,105.6,NA,NA,10,10,800
2015-06-25 7:00,156,22.7,72,996.5,0.3,360,222.2,NA,NA,10,10,900
2015-06-25 8:00,156,23.5,68,996.6,0.4,360,275,NA,NA,10,10,1100
2015-06-25 9:00,156,24.5,64,996.5,0.7,70,269.4,NA,NA,10,10,1200
2015-06-25 10:00,156,25.5,64,996.1,0.6,180,330.6,NA,NA,10,10,1500
2015-06-25 11:00,156,25.7,62,995.4,1.5,180,361.1,NA,NA,10,10,1500
2015-06-25 12:00,156,25.8,65,994.8,0.6,140,208.3,0,NA,10,8,1500
2015-06-25 13:00,156,25.4,67,994.3,2.4,200,177.8,0,NA,10,10,1500
2015-06-25 14:00,156,24.7,79,993.4,0.9,110,211.1,0,NA,10,8,1300
2015-06-25 15:00,156,24.2,76,992.6,1,110,158.3,0,NA,10,8,1100
2015-06-25 16:00,156,23.6,78,991.4,1.2,70,102.8,0,NA,10,8,900
2015-06-25 17:00,156,21,96,991.1,2.1,50,47.2,2.7,NA,10,8,300
2015-06-25 18:00,156,20.7,98,991.6,1.8,50,22.2,7,NA,10,7,500
2015-06-25 19:00,156,20.8,98,991.5,1,20,13.9,5.3,NA,10,7,300
2015-06-25 20:00,156,20.7,98,990.7,0.6,50,0,1.2,NA,10,8,500
2015-06-25 21:00,156,20.9,98,990.9,0.9,340,0,2.5,NA,10,8,600
2015-06-25 22:00,156,20.8,98,989.7,0.9,340,0,0.8,NA,10,8,1200
2015-06-25 23:00,156,21,97,988.5,0.7,360,0,0.2,NA,10,8,2000
2015-06-26 0:00,156,21.4,96,986.8,1.4,290,0,0.3,NA,10,8,2000
2015-06-26 1:00,156,21.6,97,985.1,0.9,320,0,1,NA,10,8,1500
2015-06-26 2:00,156,21.4,98,984.5,3.6,230,0,4.8,NA,10,7,600
2015-06-26 3:00,156,21.6,98,984.6,2.5,200,0,2.3,NA,10,8,1200
2015-06-26 4:00,156,21.9,98,984.4,3.3,200,0,0.2,NA,10,10,1700
2015-06-26 5:00,156,22.7,98,984.5,2.9,230,13.9,NA,NA,10,10,700
2015-06-26 6:00,156,22.1,97,984.5,4,230,25,NA,NA,10,10,800
2015-06-26 7:00,156,21.7,98,984.4,4.2,200,44.4,NA,NA,10,10,900
2015-06-26 8:00,156,21.5,99,985,2.8,230,55.6,0,NA,10,8,500
2015-06-26 9:00,156,21.6,99,985.4,2.1,250,69.4,0.2,NA,10,8,400
2015-06-26 10:00,156,22,97,986.5,2,270,111.1,0,NA,10,10,1500
2015-06-26 11:00,156,22.8,87,987.1,2.3,270,436.1,NA,NA,10,10,2000
2015-06-26 12:00,156,22.8,85,987.7,2.1,290,333.3,NA,NA,10,10,2000
2015-06-26 13:00,156,23.1,79,988,3.3,270,438.9,NA,NA,9,10,2000
2015-06-26 14:00,156,23.2,77,988.4,2.4,290,561.1,NA,NA,9,10,2000
2015-06-26 15:00,156,22.6,79,988.9,2,290,286.1,NA,NA,10,10,2000
2015-06-26 16:00,156,22.1,80,989.4,2,320,111.1,NA,NA,9,10,2000
2015-06-26 17:00,156,21.7,82,989.9,1.8,320,61.1,NA,NA,10,10,2000
2015-06-26 18:00,156,21.4,85,990.9,1.2,340,27.8,NA,NA,NA,NA,2000
2015-06-26 19:00,156,20.6,92,991.5,1.1,340,16.7,0,NA,10,8,1600
2015-06-26 20:00,156,20.7,92,992.7,1.2,20,0,0,NA,10,10,2000
2015-06-26 21:00,156,21,89,993.8,0.8,340,0,NA,NA,NA,NA,2000
2015-06-26 22:00,156,21,89,994.4,0.3,360,0,NA,NA,NA,NA,1700
2015-06-26 23:00,156,20.8,89,994.4,0.4,360,0,NA,NA,9,10,1500
2015-06-27 0:00,156,20.5,91,994.3,0.6,20,0,NA,NA,NA,NA,1300
2015-06-27 1:00,156,20.2,92,994.4,0.8,230,0,NA,NA,NA,NA,1200
2015-06-27 2:00,156,20,95,994.6,1.6,200,0,NA,NA,10,10,1200
2015-06-27 3:00,156,19.5,96,994.7,0.2,360,0,NA,NA,10,10,1300
2015-06-27 4:00,156,NA,NA,NA,NA,NA,NA,NA,NA,NA,NA,NA
2015-06-27 5:00,156,19.9,97,996,0,0,25,NA,NA,10,10,800
2015-06-27 6:00,156,20.2,95,995.9,0.6,70,55.6,NA,NA,10,10,800
2015-06-27 7:00,156,21.6,87,997.1,0.9,200,202.8,NA,NA,10,10,1100
2015-06-27 8:00,156,22.7,80,997.5,1.3,230,386.1,NA,NA,10,10,1500
2015-06-27 9:00,156,23,81,997.6,1.3,230,200,NA,NA,10,10,1500
2015-06-27 10:00,156,22.9,82,997.8,1.4,50,138.9,NA,NA,10,10,1800
2015-06-27 11:00,156,23.1,79,997.8,1.7,230,147.2,0,NA,10,8,2000
2015-06-27 12:00,156,22.9,79,998.2,2.9,200,111.1,0,NA,10,8,2000
2015-06-27 13:00,156,22.3,89,998.2,3,200,213.9,0.3,NA,10,10,2000
2015-06-27 14:00,156,24,77,998,2.6,180,383.3,NA,NA,9,10,2300
2015-06-27 15:00,156,23.3,79,998.2,2.1,180,388.9,NA,NA,9,10,2300
2015-06-27 16:00,156,23.5,77,998.2,3.3,200,219.4,NA,NA,8,10,2300
2015-06-27 17:00,156,22.5,82,999,2.6,180,186.1,NA,NA,7,10,2000
2015-06-27 18:00,156,21.7,84,999.7,3.3,180,100,NA,NA,NA,NA,2000
2015-06-27 19:00,156,21.3,85,1000.1,2.5,180,30.6,NA,NA,NA,NA,2000
2015-06-27 20:00,156,21.2,85,1000.7,1.2,160,0,0,NA,10,8,2000
2015-06-27 21:00,156,20.4,96,1001.3,1,140,0,0,NA,10,8,2000
2015-06-27 22:00,156,20.5,96,1001.3,0.2,360,0,0,NA,10,10,2000
2015-06-27 23:00,156,20.4,96,1001.5,0.6,110,0,0,NA,10,10,1800
2015-06-28 0:00,156,20.2,96,1001.3,1.1,50,0,0,NA,10,10,1500
2015-06-28 1:00,156,20.3,93,1001,0.5,50,0,NA,NA,NA,NA,1800
2015-06-28 2:00,156,19.6,97,1000.8,1,70,0,NA,NA,6,10,1500
2015-06-28 3:00,156,19.8,97,1001.1,1,20,0,NA,NA,7,10,1200
2015-06-28 4:00,156,19.7,97,1001.3,0.9,20,0,NA,NA,9,10,1300
2015-06-28 5:00,156,19.9,97,1001.2,0.3,360,27.8,NA,NA,7,NA,1200
2015-06-28 6:00,156,20.6,93,1001.7,0.1,360,130.6,NA,NA,3,10,1500
2015-06-28 7:00,156,21.9,86,1002,1.5,50,322.2,NA,NA,3,10,1600
2015-06-28 8:00,156,23.6,79,1002,2.1,70,488.9,NA,NA,4,10,2000
2015-06-28 9:00,156,24.8,71,1002,2.3,70,783.3,NA,NA,2,10,2000
2015-06-28 10:00,156,25.4,66,1002.1,0.9,50,855.6,NA,NA,3,10,2000
2015-06-28 11:00,156,27.2,60,1002.1,2.3,20,883.3,NA,NA,3,10,2000
2015-06-28 12:00,156,28.4,56,1001.4,1.9,50,1000,NA,NA,4,10,2000
2015-06-28 13:00,156,29.1,54,1000.8,2.2,70,991.7,NA,NA,5,10,2000
2015-06-28 14:00,156,29.2,47,1000.3,0.8,90,647.2,NA,NA,4,10,2000
2015-06-28 15:00,156,29.3,50,999.8,1.5,90,472.2,NA,NA,5,10,2000
2015-06-28 16:00,156,30.6,50,999.9,1.9,270,286.1,NA,NA,4,10,2000
2015-06-28 17:00,156,27.4,68,1000.1,2.4,270,316.7,NA,NA,5,10,2000
2015-06-28 18:00,156,25.3,71,1000.6,2.7,250,152.8,NA,NA,NA,NA,2000
2015-06-28 19:00,156,24.4,73,1001.1,2.4,250,27.8,NA,NA,NA,NA,2000
2015-06-28 20:00,156,23.1,83,1001.9,3.8,200,0,NA,NA,7,10,2000
2015-06-28 21:00,156,22.4,86,1002.7,3.3,200,0,NA,NA,NA,NA,1900
2015-06-28 22:00,156,22.2,89,1002.8,2.6,200,0,NA,NA,NA,NA,1600
2015-06-28 23:00,156,21.8,90,1002.7,2.5,200,0,NA,NA,10,10,1500
2015-06-29 0:00,156,21.8,91,1002.1,1.3,230,0,NA,NA,NA,NA,1100
2015-06-29 1:00,156,21.8,90,1001.5,0.6,230,0,NA,NA,NA,NA,1000
2015-06-29 2:00,156,21.9,90,1001,0.2,360,0,NA,NA,10,10,1200
2015-06-29 3:00,156,21.5,92,1000.5,0.8,70,0,NA,NA,7,10,1100
2015-06-29 4:00,156,21.7,89,1000.5,0.3,360,0,NA,NA,8,10,900
2015-06-29 5:00,156,20.9,96,1001.3,1.1,230,22.2,NA,NA,9,30,600
2015-06-29 6:00,156,21.4,94,1001.5,1.4,230,47.2,NA,NA,10,10,800
2015-06-29 7:00,156,22,89,1001.2,0.7,180,119.4,NA,NA,10,10,800
2015-06-29 8:00,156,23.3,82,1000.7,0.3,360,341.7,NA,NA,8,10,1100
2015-06-29 9:00,156,25.3,76,1000.4,1.1,270,550,NA,NA,8,10,1100
2015-06-29 10:00,156,25.8,76,999.8,1,180,661.1,NA,NA,8,10,1200
2015-06-29 11:00,156,27.5,69,999.4,1.2,320,613.9,NA,NA,8,10,1500
2015-06-29 12:00,156,27.5,67,998.9,0.6,290,433.3,NA,NA,8,10,1500
2015-06-29 13:00,156,27.2,65,998.3,2.1,230,447.2,NA,NA,9,30,2000
2015-06-29 14:00,156,27.3,66,997.7,2.3,250,391.7,NA,NA,10,10,2000
2015-06-29 15:00,156,27.4,55,997.3,2.4,180,261.1,NA,NA,10,10,2000
2015-06-29 16:00,156,27,52,996.9,2.4,180,222.2,NA,NA,8,30,2000
2015-06-29 17:00,156,25.9,62,996.5,2.7,230,125,NA,NA,10,10,2000
2015-06-29 18:00,156,25.2,62,997.2,2.8,230,66.7,NA,NA,NA,NA,1900
2015-06-29 19:00,156,24.6,62,997.2,2,180,36.1,NA,NA,NA,NA,2000
2015-06-29 20:00,156,23.8,70,997.8,2.2,200,0,NA,NA,7,30,1800
2015-06-29 21:00,156,23.1,71,998.1,2.8,200,0,NA,NA,NA,NA,2000
2015-06-29 22:00,156,22.4,85,998.3,2.1,230,0,NA,NA,NA,NA,1100
2015-06-29 23:00,156,21.7,93,997.6,3.3,200,0,NA,NA,10,10,600
2015-06-30 0:00,156,21.5,90,996.4,1.5,180,0,0,NA,10,10,700
2015-06-30 1:00,156,21.2,92,996,0.9,230,0,NA,NA,NA,NA,800
2015-06-30 2:00,156,21.2,91,995.6,0.3,360,0,NA,NA,10,10,700
2015-06-30 3:00,156,21.1,92,995.6,0.7,230,0,NA,NA,10,10,800
2015-06-30 4:00,156,21,85,995.1,0.8,160,0,0,NA,10,8,1200
2015-06-30 5:00,156,20.5,91,994.8,0.2,360,13.9,0,NA,10,8,1200
2015-06-30 6:00,156,20.9,88,994.2,0.5,20,38.9,0,NA,10,10,1500
2015-06-30 7:00,156,21.1,91,994.3,0.8,70,69.4,0,NA,10,8,900
2015-06-30 8:00,156,21.7,87,993.6,0.6,70,169.4,0,NA,10,10,1200
2015-06-30 9:00,156,22.1,87,992.8,1.1,160,163.9,0,NA,10,8,1500
2015-06-30 10:00,156,22.3,79,992.6,1.6,180,180.6,0,NA,10,8,1600
2015-06-30 11:00,156,19.6,97,992.6,1.2,50,83.3,2.7,NA,10,8,500
2015-06-30 12:00,156,19.1,98,991.2,2.7,50,83.3,7.9,NA,10,7,300
2015-06-30 13:00,156,19.7,98,989.9,3,50,177.8,1.7,NA,10,8,1200
2015-06-30 14:00,156,20.2,96,988.7,3.9,50,200,0.1,NA,10,8,1700
2015-06-30 15:00,156,20.1,97,988.3,2.1,50,94.4,0.1,NA,10,8,1800
2015-06-30 16:00,156,20.1,97,987.3,1.8,20,83.3,0,NA,10,8,1800
2015-06-30 17:00,156,19.7,98,986.9,2.1,20,36.1,0.7,NA,10,8,500
2015-06-30 18:00,156,19.6,98,986.7,2.2,50,33.3,0.8,NA,10,8,1000
2015-06-30 19:00,156,19.5,98,987.1,1.9,20,13.9,1,NA,10,8,600
2015-06-30 20:00,156,19.1,99,987,2.6,50,0,1,NA,10,8,500
2015-06-30 21:00,156,19.1,98,986.9,3,70,0,0.1,NA,10,9,2000
2015-06-30 22:00,156,19,98,986.7,2.1,50,0,NA,NA,NA,NA,2000
