"date","pm10","pm25","o3","no2","co","so2"
2016-04-01 00:00:00,103,69,33,28,500,1
2016-04-01 01:00:00,109,73,41,19,500,1
2016-04-01 02:00:00,99,69,45,16,400,NA
2016-04-01 03:00:00,89,59,51,15,400,NA
2016-04-01 04:00:00,87,61,59,15,400,NA
2016-04-01 05:00:00,79,61,59,22,400,NA
2016-04-01 06:00:00,85,57,64,26,400,NA
2016-04-01 07:00:00,79,59,73,23,400,NA
2016-04-01 08:00:00,89,61,75,23,400,1
2016-04-01 09:00:00,87,59,81,23,300,1
2016-04-01 10:00:00,89,57,84,25,300,2
2016-04-01 11:00:00,89,49,86,35,400,2
2016-04-01 12:00:00,99,55,90,27,400,2
2016-04-01 13:00:00,103,51,NA,NA,NA,NA
2016-04-01 14:00:00,79,43,NA,NA,NA,NA
2016-04-01 15:00:00,83,41,75,11,300,2
2016-04-01 16:00:00,97,43,78,11,300,2
2016-04-01 17:00:00,83,43,77,13,200,2
2016-04-01 18:00:00,79,41,73,19,300,2
2016-04-01 19:00:00,83,43,57,33,300,2
2016-04-01 20:00:00,91,49,37,44,500,2
2016-04-01 21:00:00,93,55,27,44,400,2
2016-04-01 22:00:00,97,59,17,45,400,1
2016-04-01 23:00:00,111,73,8,52,400,1
2016-04-02 00:00:00,113,73,14,34,400,1
2016-04-02 01:00:00,111,67,20,24,400,NA
2016-04-02 02:00:00,97,63,19,22,400,1
2016-04-02 03:00:00,91,63,21,17,300,NA
2016-04-02 04:00:00,87,59,26,15,300,NA
2016-04-02 05:00:00,85,57,22,20,300,NA
2016-04-02 06:00:00,85,59,17,24,300,NA
2016-04-02 07:00:00,81,51,18,28,300,1
2016-04-02 08:00:00,93,67,41,20,300,1
2016-04-02 09:00:00,107,71,44,20,300,1
2016-04-02 10:00:00,99,59,53,19,300,1
2016-04-02 11:00:00,85,51,54,25,300,1
2016-04-02 12:00:00,77,43,74,10,300,1
2016-04-02 13:00:00,65,35,74,9,300,1
2016-04-02 14:00:00,63,35,74,9,300,1
2016-04-02 15:00:00,61,29,75,9,200,1
2016-04-02 16:00:00,57,33,75,9,200,1
2016-04-02 17:00:00,63,29,71,11,200,1
2016-04-02 18:00:00,57,33,64,13,300,1
2016-04-02 19:00:00,59,31,60,15,300,1
2016-04-02 20:00:00,59,37,57,11,300,1
2016-04-02 21:00:00,73,43,56,11,300,1
2016-04-02 22:00:00,75,51,45,20,300,1
2016-04-02 23:00:00,75,47,35,24,300,1
2016-04-03 00:00:00,81,57,37,17,300,1
2016-04-03 01:00:00,79,57,23,18,300,NA
2016-04-03 02:00:00,89,63,25,14,300,NA
2016-04-03 03:00:00,81,59,32,10,300,NA
2016-04-03 04:00:00,85,59,37,9,300,NA
2016-04-03 05:00:00,89,65,34,10,300,NA
2016-04-03 06:00:00,89,67,28,12,300,NA
2016-04-03 07:00:00,83,61,33,11,300,NA
2016-04-03 08:00:00,99,69,41,10,300,1
2016-04-03 09:00:00,107,73,51,9,300,1
2016-04-03 10:00:00,99,71,54,8,300,1
2016-04-03 11:00:00,87,67,54,8,300,1
2016-04-03 12:00:00,83,53,55,8,200,1
2016-04-03 13:00:00,71,47,51,8,300,1
2016-04-03 14:00:00,71,43,44,10,300,NA
2016-04-03 15:00:00,85,57,42,10,300,NA
2016-04-03 16:00:00,81,55,41,11,300,NA
2016-04-03 17:00:00,75,57,38,12,300,NA
2016-04-03 18:00:00,77,61,33,14,300,NA
2016-04-03 19:00:00,79,61,40,12,300,NA
2016-04-03 20:00:00,105,83,37,13,400,NA
2016-04-03 21:00:00,115,87,36,11,400,NA
2016-04-03 22:00:00,111,93,40,9,400,NA
2016-04-03 23:00:00,111,85,35,9,400,NA
2016-04-04 00:00:00,99,83,41,7,300,NA
2016-04-04 01:00:00,65,49,44,5,200,NA
2016-04-04 02:00:00,43,33,43,5,200,NA
2016-04-04 03:00:00,35,31,38,6,200,NA
2016-04-04 04:00:00,49,37,31,10,300,NA
2016-04-04 05:00:00,61,47,39,7,300,NA
2016-04-04 06:00:00,53,43,38,10,300,NA
2016-04-04 07:00:00,55,41,29,15,300,NA
2016-04-04 08:00:00,57,45,28,16,300,NA
2016-04-04 09:00:00,55,39,30,15,300,NA
2016-04-04 10:00:00,53,37,37,11,300,NA
2016-04-04 11:00:00,37,33,43,7,200,NA
2016-04-04 12:00:00,25,21,44,10,300,NA
2016-04-04 13:00:00,33,15,42,17,300,NA
2016-04-04 14:00:00,45,29,48,13,300,NA
2016-04-04 15:00:00,41,31,48,12,300,NA
2016-04-04 16:00:00,41,29,48,12,300,1
2016-04-04 17:00:00,59,33,46,14,300,1
2016-04-04 18:00:00,57,39,51,12,300,1
2016-04-04 19:00:00,49,33,44,18,300,1
2016-04-04 20:00:00,49,35,44,14,300,1
2016-04-04 21:00:00,51,29,38,17,300,1
2016-04-04 22:00:00,55,27,37,16,200,1
2016-04-04 23:00:00,NA,27,32,18,200,1
2016-04-05 00:00:00,49,29,35,14,200,1
2016-04-05 01:00:00,47,23,34,11,200,1
2016-04-05 02:00:00,51,23,34,10,200,NA
2016-04-05 03:00:00,53,27,23,14,200,NA
2016-04-05 04:00:00,49,29,14,17,300,NA
2016-04-05 05:00:00,51,19,9,20,300,NA
2016-04-05 06:00:00,43,23,8,22,300,NA
2016-04-05 07:00:00,41,27,7,20,300,NA
2016-04-05 08:00:00,49,27,11,21,300,NA
2016-04-05 09:00:00,55,29,29,14,200,NA
2016-04-05 10:00:00,51,31,41,11,200,1
2016-04-05 11:00:00,47,29,51,9,200,1
2016-04-05 12:00:00,47,17,56,7,200,1
2016-04-05 13:00:00,39,13,56,7,200,1
2016-04-05 14:00:00,35,13,56,7,200,1
2016-04-05 15:00:00,35,17,NA,NA,NA,NA
2016-04-05 16:00:00,NA,NA,NA,NA,NA,NA
2016-04-05 17:00:00,35,17,NA,NA,NA,NA
2016-04-05 18:00:00,35,17,46,14,200,1
2016-04-05 19:00:00,47,17,45,12,200,1
2016-04-05 20:00:00,41,13,38,17,200,1
2016-04-05 21:00:00,47,23,23,35,200,1
2016-04-05 22:00:00,51,25,22,31,300,1
2016-04-05 23:00:00,57,25,21,22,200,1
2016-04-06 00:00:00,59,27,33,10,200,1
2016-04-06 01:00:00,47,19,34,8,200,1
2016-04-06 02:00:00,47,23,32,8,200,1
2016-04-06 03:00:00,47,21,34,7,200,1
2016-04-06 04:00:00,49,21,34,8,200,1
2016-04-06 05:00:00,49,21,27,13,200,1
2016-04-06 06:00:00,45,15,26,15,200,1
2016-04-06 07:00:00,53,21,24,18,200,1
2016-04-06 08:00:00,57,21,28,16,200,1
2016-04-06 09:00:00,65,29,33,14,200,2
2016-04-06 10:00:00,65,27,41,11,200,2
2016-04-06 11:00:00,57,27,39,15,200,1
2016-04-06 12:00:00,49,29,42,19,200,1
2016-04-06 13:00:00,47,13,51,14,200,3
2016-04-06 14:00:00,43,19,58,13,300,5
2016-04-06 15:00:00,45,17,58,13,200,3
2016-04-06 16:00:00,49,19,57,12,200,2
2016-04-06 17:00:00,41,21,46,21,200,2
2016-04-06 18:00:00,47,29,47,17,300,2
2016-04-06 19:00:00,37,23,49,11,200,1
2016-04-06 20:00:00,27,13,51,8,100,NA
2016-04-06 21:00:00,25,15,52,7,100,1
2016-04-06 22:00:00,23,13,52,7,100,1
2016-04-06 23:00:00,19,13,50,7,100,NA
2016-04-07 00:00:00,15,7,51,5,100,1
2016-04-07 01:00:00,13,7,53,5,100,1
2016-04-07 02:00:00,13,7,51,5,100,1
2016-04-07 03:00:00,9,3,50,5,100,NA
2016-04-07 04:00:00,9,1,49,6,100,1
2016-04-07 05:00:00,17,3,46,6,100,1
2016-04-07 06:00:00,13,3,43,8,100,1
2016-04-07 07:00:00,13,5,36,14,200,NA
2016-04-07 08:00:00,13,3,35,17,200,NA
2016-04-07 09:00:00,13,1,31,21,200,1
2016-04-07 10:00:00,13,3,34,15,200,NA
2016-04-07 11:00:00,15,5,33,17,200,1
2016-04-07 12:00:00,13,5,43,11,200,1
2016-04-07 13:00:00,17,3,47,7,200,NA
2016-04-07 14:00:00,19,5,47,8,200,NA
2016-04-07 15:00:00,15,7,47,8,200,1
2016-04-07 16:00:00,25,11,51,8,200,NA
2016-04-07 17:00:00,21,15,52,8,200,NA
2016-04-07 18:00:00,19,9,50,11,200,NA
2016-04-07 19:00:00,25,9,40,20,200,1
2016-04-07 20:00:00,49,25,44,15,300,1
2016-04-07 21:00:00,51,35,44,15,300,1
2016-04-07 22:00:00,51,31,36,19,200,1
2016-04-07 23:00:00,57,39,23,36,300,1
2016-04-08 00:00:00,61,37,24,26,300,1
2016-04-08 01:00:00,61,39,22,17,300,1
2016-04-08 02:00:00,63,37,24,13,200,NA
2016-04-08 03:00:00,51,37,31,10,200,1
2016-04-08 04:00:00,51,31,32,9,200,1
2016-04-08 05:00:00,47,25,30,11,200,NA
2016-04-08 06:00:00,45,29,26,15,200,NA
2016-04-08 07:00:00,41,23,24,19,200,NA
2016-04-08 08:00:00,39,23,19,24,200,1
2016-04-08 09:00:00,45,27,16,36,300,1
2016-04-08 10:00:00,57,31,18,40,300,2
2016-04-08 11:00:00,61,35,29,32,300,2
2016-04-08 12:00:00,67,37,46,19,200,1
2016-04-08 13:00:00,75,29,52,9,200,1
2016-04-08 14:00:00,75,23,54,8,100,1
2016-04-08 15:00:00,101,21,54,8,200,1
2016-04-08 16:00:00,141,27,54,7,100,1
2016-04-08 17:00:00,121,23,50,10,200,1
2016-04-08 18:00:00,185,37,41,14,100,1
2016-04-08 19:00:00,205,39,45,20,200,1
2016-04-08 20:00:00,187,43,49,18,300,2
2016-04-08 21:00:00,191,41,44,19,300,1
2016-04-08 22:00:00,155,35,32,29,300,1
2016-04-08 23:00:00,143,35,19,30,300,1
2016-04-09 00:00:00,137,33,21,25,300,1
2016-04-09 01:00:00,113,33,23,18,300,1
2016-04-09 02:00:00,117,31,17,18,300,1
2016-04-09 03:00:00,117,31,10,20,300,NA
2016-04-09 04:00:00,127,39,11,17,300,NA
2016-04-09 05:00:00,141,33,13,15,300,NA
2016-04-09 06:00:00,125,37,9,17,300,NA
2016-04-09 07:00:00,113,37,11,19,300,1
2016-04-09 08:00:00,127,41,16,18,300,1
2016-04-09 09:00:00,139,43,30,15,300,1
2016-04-09 10:00:00,167,43,56,11,300,2
2016-04-09 11:00:00,215,47,62,10,200,2
2016-04-09 12:00:00,235,49,62,12,200,1
2016-04-09 13:00:00,223,45,68,9,200,2
2016-04-09 14:00:00,217,47,70,10,200,2
2016-04-09 15:00:00,209,55,74,8,300,2
2016-04-09 16:00:00,185,49,75,8,300,2
2016-04-09 17:00:00,189,55,67,10,200,2
2016-04-09 18:00:00,189,47,60,11,200,1
2016-04-09 19:00:00,149,45,44,17,200,1
2016-04-09 20:00:00,173,41,47,12,200,2
2016-04-09 21:00:00,159,35,30,28,300,1
2016-04-09 22:00:00,153,35,26,25,300,1
2016-04-09 23:00:00,149,41,21,22,300,1
2016-04-10 00:00:00,147,43,13,23,300,1
2016-04-10 01:00:00,143,43,16,18,300,1
2016-04-10 02:00:00,131,41,20,12,200,1
2016-04-10 03:00:00,127,39,21,10,200,NA
2016-04-10 04:00:00,121,37,23,8,200,NA
2016-04-10 05:00:00,121,29,14,12,200,NA
2016-04-10 06:00:00,103,31,14,13,200,NA
2016-04-10 07:00:00,109,33,16,13,200,1
2016-04-10 08:00:00,115,35,26,9,200,1
2016-04-10 09:00:00,141,41,36,8,200,1
2016-04-10 10:00:00,149,33,46,6,100,1
2016-04-10 11:00:00,125,31,63,6,200,1
2016-04-10 12:00:00,125,49,73,9,300,2
2016-04-10 13:00:00,125,57,79,7,300,2
2016-04-10 14:00:00,113,55,81,8,300,2
2016-04-10 15:00:00,121,55,81,8,300,2
2016-04-10 16:00:00,121,55,78,9,300,2
2016-04-10 17:00:00,117,55,75,9,300,2
2016-04-10 18:00:00,109,55,77,9,400,2
2016-04-10 19:00:00,117,61,85,10,500,2
2016-04-10 20:00:00,139,81,70,11,400,1
2016-04-10 21:00:00,133,83,66,10,400,1
2016-04-10 22:00:00,119,79,66,12,400,1
2016-04-10 23:00:00,139,85,65,12,500,1
2016-04-11 00:00:00,145,89,71,10,500,1
2016-04-11 01:00:00,123,83,62,8,500,1
2016-04-11 02:00:00,119,79,59,7,500,1
2016-04-11 03:00:00,125,73,54,7,500,1
2016-04-11 04:00:00,115,65,42,8,500,1
2016-04-11 05:00:00,111,61,27,18,500,NA
2016-04-11 06:00:00,105,61,13,31,500,1
2016-04-11 07:00:00,103,61,19,26,500,1
2016-04-11 08:00:00,109,67,30,20,500,1
2016-04-11 09:00:00,117,73,25,35,600,1
2016-04-11 10:00:00,133,73,44,24,500,1
2016-04-11 11:00:00,127,69,56,13,400,1
2016-04-11 12:00:00,117,59,64,10,300,1
2016-04-11 13:00:00,109,49,70,11,300,1
2016-04-11 14:00:00,99,45,67,10,300,1
2016-04-11 15:00:00,83,43,68,10,300,1
2016-04-11 16:00:00,85,43,65,11,300,1
2016-04-11 17:00:00,93,51,55,13,300,1
2016-04-11 18:00:00,73,35,51,15,200,1
2016-04-11 19:00:00,57,27,44,16,200,2
2016-04-11 20:00:00,55,27,34,20,300,3
2016-04-11 21:00:00,53,37,32,19,200,3
2016-04-11 22:00:00,61,33,27,21,400,4
2016-04-11 23:00:00,71,33,26,19,400,6
2016-04-12 00:00:00,69,35,28,16,300,5
2016-04-12 01:00:00,63,35,28,15,300,5
2016-04-12 02:00:00,61,29,27,16,300,5
2016-04-12 03:00:00,59,31,26,15,200,5
2016-04-12 04:00:00,55,33,24,16,300,4
2016-04-12 05:00:00,59,31,26,15,300,3
2016-04-12 06:00:00,51,25,26,14,200,1
2016-04-12 07:00:00,49,25,28,16,200,1
2016-04-12 08:00:00,47,27,32,15,200,1
2016-04-12 09:00:00,47,23,37,12,100,1
2016-04-12 10:00:00,45,27,NA,NA,NA,NA
2016-04-12 11:00:00,45,19,45,12,200,1
2016-04-12 12:00:00,31,15,46,13,200,2
2016-04-12 13:00:00,33,13,49,9,200,2
2016-04-12 14:00:00,25,11,54,10,200,2
2016-04-12 15:00:00,31,11,58,8,200,2
2016-04-12 16:00:00,47,17,55,9,200,2
2016-04-12 17:00:00,43,21,51,12,200,1
2016-04-12 18:00:00,47,25,50,13,200,1
2016-04-12 19:00:00,53,21,51,12,200,2
2016-04-12 20:00:00,63,29,47,15,200,2
2016-04-12 21:00:00,59,27,47,13,200,2
2016-04-12 22:00:00,55,27,43,14,200,1
2016-04-12 23:00:00,51,25,39,11,200,1
2016-04-13 00:00:00,55,29,39,8,200,1
2016-04-13 01:00:00,49,29,38,8,200,1
2016-04-13 02:00:00,49,25,34,9,200,1
2016-04-13 03:00:00,43,23,31,9,200,1
2016-04-13 04:00:00,35,27,31,9,200,1
2016-04-13 05:00:00,37,21,28,9,200,1
2016-04-13 06:00:00,33,19,30,9,200,1
2016-04-13 07:00:00,33,19,28,13,200,1
2016-04-13 08:00:00,33,21,31,12,200,1
2016-04-13 09:00:00,31,23,35,11,200,1
2016-04-13 10:00:00,27,19,40,10,200,1
2016-04-13 11:00:00,21,15,40,8,200,1
2016-04-13 12:00:00,21,9,40,9,200,1
2016-04-13 13:00:00,19,11,39,11,200,1
2016-04-13 14:00:00,25,13,38,12,300,1
2016-04-13 15:00:00,21,13,40,12,300,1
2016-04-13 16:00:00,19,11,44,8,200,1
2016-04-13 17:00:00,19,9,41,7,200,1
2016-04-13 18:00:00,21,5,38,7,200,1
2016-04-13 19:00:00,17,7,34,11,200,1
2016-04-13 20:00:00,21,11,20,23,300,1
2016-04-13 21:00:00,39,23,14,28,400,1
2016-04-13 22:00:00,35,19,12,23,300,1
2016-04-13 23:00:00,35,19,10,23,300,1
2016-04-14 00:00:00,39,21,6,23,300,1
2016-04-14 01:00:00,35,23,15,14,300,1
2016-04-14 02:00:00,35,25,18,11,300,1
2016-04-14 03:00:00,47,31,18,9,200,1
2016-04-14 04:00:00,27,15,15,11,300,1
2016-04-14 05:00:00,29,17,14,13,300,1
2016-04-14 06:00:00,33,19,16,14,300,1
2016-04-14 07:00:00,29,21,16,17,300,1
2016-04-14 08:00:00,29,13,23,14,300,1
2016-04-14 09:00:00,33,21,35,11,200,1
2016-04-14 10:00:00,33,17,42,11,200,1
2016-04-14 11:00:00,39,17,51,9,200,1
2016-04-14 12:00:00,43,19,69,10,300,2
2016-04-14 13:00:00,85,43,75,10,400,3
2016-04-14 14:00:00,115,51,72,9,400,3
2016-04-14 15:00:00,121,47,66,9,400,2
2016-04-14 16:00:00,103,51,74,9,400,3
2016-04-14 17:00:00,133,65,65,10,300,2
2016-04-14 18:00:00,101,41,62,12,300,1
2016-04-14 19:00:00,97,39,52,17,300,1
2016-04-14 20:00:00,83,41,43,19,300,1
2016-04-14 21:00:00,75,43,41,16,300,1
2016-04-14 22:00:00,67,31,41,14,300,1
2016-04-14 23:00:00,61,31,35,14,300,1
2016-04-15 00:00:00,61,31,34,11,300,1
2016-04-15 01:00:00,63,33,34,9,300,1
2016-04-15 02:00:00,55,35,23,12,300,1
2016-04-15 03:00:00,59,35,16,18,300,1
2016-04-15 04:00:00,69,41,12,16,300,1
2016-04-15 05:00:00,55,31,7,19,300,NA
2016-04-15 06:00:00,51,27,5,26,300,1
2016-04-15 07:00:00,67,35,11,18,300,1
2016-04-15 08:00:00,53,35,21,15,300,1
2016-04-15 09:00:00,63,41,24,15,300,1
2016-04-15 10:00:00,65,39,45,10,200,1
2016-04-15 11:00:00,59,27,47,10,200,1
2016-04-15 12:00:00,55,27,52,12,300,1
2016-04-15 13:00:00,55,21,57,15,400,3
2016-04-15 14:00:00,51,25,72,11,300,3
2016-04-15 15:00:00,51,23,72,10,300,2
2016-04-15 16:00:00,53,25,69,10,300,2
2016-04-15 17:00:00,49,19,62,12,300,2
2016-04-15 18:00:00,43,21,55,16,300,1
2016-04-15 19:00:00,41,17,49,20,300,1
2016-04-15 20:00:00,43,19,37,29,300,1
2016-04-15 21:00:00,49,19,32,24,300,1
2016-04-15 22:00:00,49,29,24,26,300,1
2016-04-15 23:00:00,51,29,16,32,300,1
2016-04-16 00:00:00,53,27,19,25,300,1
2016-04-16 01:00:00,49,33,20,17,300,1
2016-04-16 02:00:00,51,29,27,13,300,1
2016-04-16 03:00:00,43,31,24,12,300,1
2016-04-16 04:00:00,47,25,27,11,400,1
2016-04-16 05:00:00,49,27,27,14,500,3
2016-04-16 06:00:00,49,23,27,17,600,5
2016-04-16 07:00:00,57,29,27,21,600,5
2016-04-16 08:00:00,57,37,29,23,500,5
2016-04-16 09:00:00,63,27,39,18,400,5
2016-04-16 10:00:00,65,31,49,13,300,4
2016-04-16 11:00:00,61,27,51,11,300,2
2016-04-16 12:00:00,61,27,52,10,300,3
2016-04-16 13:00:00,63,27,52,9,200,3
2016-04-16 14:00:00,61,23,49,11,200,2
2016-04-16 15:00:00,57,27,52,8,200,1
2016-04-16 16:00:00,49,21,51,8,200,1
2016-04-16 17:00:00,41,15,50,8,200,1
2016-04-16 18:00:00,17,5,52,7,200,1
2016-04-16 19:00:00,15,5,52,7,200,1
2016-04-16 20:00:00,13,5,51,6,200,1
2016-04-16 21:00:00,11,1,47,7,200,1
2016-04-16 22:00:00,9,2,40,6,200,1
2016-04-16 23:00:00,17,3,39,5,200,1
2016-04-17 00:00:00,23,9,38,5,200,1
2016-04-17 01:00:00,13,9,50,5,200,1
2016-04-17 02:00:00,23,9,53,5,300,1
2016-04-17 03:00:00,21,11,59,5,200,1
2016-04-17 04:00:00,29,17,57,5,200,1
2016-04-17 05:00:00,31,9,58,6,200,1
2016-04-17 06:00:00,41,15,57,6,200,NA
2016-04-17 07:00:00,35,13,56,7,200,NA
2016-04-17 08:00:00,33,19,54,8,200,NA
2016-04-17 09:00:00,35,19,53,7,200,NA
2016-04-17 10:00:00,35,15,51,8,300,NA
2016-04-17 11:00:00,43,17,46,9,300,1
2016-04-17 12:00:00,83,31,48,8,200,1
2016-04-17 13:00:00,127,41,49,8,300,1
2016-04-17 14:00:00,133,45,50,9,300,1
2016-04-17 15:00:00,105,35,51,8,300,1
2016-04-17 16:00:00,79,29,50,8,300,1
2016-04-17 17:00:00,65,19,50,9,300,1
2016-04-17 18:00:00,67,21,49,9,300,1
2016-04-17 19:00:00,59,21,45,11,300,1
2016-04-17 20:00:00,59,19,43,11,300,1
2016-04-17 21:00:00,57,19,43,12,300,1
2016-04-17 22:00:00,65,27,42,11,300,1
2016-04-17 23:00:00,59,21,39,14,400,1
2016-04-18 00:00:00,67,29,46,9,300,1
2016-04-18 01:00:00,59,27,47,9,400,2
2016-04-18 02:00:00,59,35,48,8,400,2
2016-04-18 03:00:00,71,33,43,8,400,1
2016-04-18 04:00:00,75,39,39,9,500,1
2016-04-18 05:00:00,81,43,29,14,400,1
2016-04-18 06:00:00,67,33,21,22,400,1
2016-04-18 07:00:00,67,37,14,26,400,1
2016-04-18 08:00:00,61,25,21,23,400,1
2016-04-18 09:00:00,73,37,21,35,500,2
2016-04-18 10:00:00,89,43,37,23,300,2
2016-04-18 11:00:00,75,35,47,10,200,1
2016-04-18 12:00:00,73,31,49,9,300,2
2016-04-18 13:00:00,77,37,53,8,200,2
2016-04-18 14:00:00,75,31,55,8,200,1
2016-04-18 15:00:00,47,23,55,8,200,1
2016-04-18 16:00:00,43,19,53,11,200,1
2016-04-18 17:00:00,43,17,53,10,200,1
2016-04-18 18:00:00,29,15,53,10,200,1
2016-04-18 19:00:00,35,11,51,13,200,1
2016-04-18 20:00:00,35,11,49,14,200,1
2016-04-18 21:00:00,35,13,52,12,200,1
2016-04-18 22:00:00,37,19,53,12,200,1
2016-04-18 23:00:00,55,29,57,10,300,2
2016-04-19 00:00:00,75,47,55,11,300,1
2016-04-19 01:00:00,89,47,55,8,300,1
2016-04-19 02:00:00,85,51,53,8,300,1
2016-04-19 03:00:00,83,47,46,10,300,1
2016-04-19 04:00:00,79,45,40,12,300,1
2016-04-19 05:00:00,79,49,34,18,300,1
2016-04-19 06:00:00,75,35,14,32,300,1
2016-04-19 07:00:00,73,43,19,28,400,1
2016-04-19 08:00:00,77,45,31,22,300,1
2016-04-19 09:00:00,NA,NA,NA,NA,NA,NA
2016-04-19 10:00:00,65,37,NA,NA,NA,NA
2016-04-19 11:00:00,43,29,51,10,200,1
2016-04-19 12:00:00,39,19,53,11,200,1
2016-04-19 13:00:00,35,15,55,9,200,1
2016-04-19 14:00:00,27,11,58,7,200,1
2016-04-19 15:00:00,29,13,59,8,200,1
2016-04-19 16:00:00,23,11,58,9,200,1
2016-04-19 17:00:00,25,9,53,11,200,1
2016-04-19 18:00:00,33,11,48,13,200,1
2016-04-19 19:00:00,29,11,41,18,200,1
2016-04-19 20:00:00,35,11,27,32,300,1
2016-04-19 21:00:00,37,15,17,34,300,1
2016-04-19 22:00:00,39,23,16,27,300,NA
2016-04-19 23:00:00,37,23,9,30,300,NA
2016-04-20 00:00:00,39,17,12,23,300,NA
2016-04-20 01:00:00,39,19,15,18,200,NA
2016-04-20 02:00:00,39,19,18,15,200,NA
2016-04-20 03:00:00,37,19,15,14,200,NA
2016-04-20 04:00:00,35,19,16,13,200,NA
2016-04-20 05:00:00,37,23,15,15,200,NA
2016-04-20 06:00:00,31,25,15,16,200,NA
2016-04-20 07:00:00,39,25,16,19,200,1
2016-04-20 08:00:00,41,19,24,16,200,1
2016-04-20 09:00:00,41,29,38,14,300,1
2016-04-20 10:00:00,41,29,44,17,300,2
2016-04-20 11:00:00,61,23,53,20,300,2
2016-04-20 12:00:00,73,35,63,11,300,2
2016-04-20 13:00:00,63,29,65,8,200,2
2016-04-20 14:00:00,65,31,66,8,200,2
2016-04-20 15:00:00,63,27,65,10,200,2
2016-04-20 16:00:00,65,33,63,11,200,2
2016-04-20 17:00:00,63,25,61,13,200,2
2016-04-20 18:00:00,51,21,56,17,300,1
2016-04-20 19:00:00,49,21,57,13,200,1
2016-04-20 20:00:00,45,27,57,12,200,1
2016-04-20 21:00:00,51,21,54,11,200,1
2016-04-20 22:00:00,51,19,54,10,200,1
2016-04-20 23:00:00,59,25,54,9,200,1
2016-04-21 00:00:00,89,21,47,8,200,1
2016-04-21 01:00:00,39,23,52,6,200,1
2016-04-21 02:00:00,39,21,50,6,200,1
2016-04-21 03:00:00,37,19,46,7,200,2
2016-04-21 04:00:00,29,15,44,7,300,1
2016-04-21 05:00:00,23,13,42,8,300,1
2016-04-21 06:00:00,23,11,43,9,300,1
2016-04-21 07:00:00,15,11,37,14,300,1
2016-04-21 08:00:00,17,11,35,17,200,1
2016-04-21 09:00:00,13,7,29,23,200,1
2016-04-21 10:00:00,21,5,16,36,300,1
2016-04-21 11:00:00,17,9,27,17,200,1
2016-04-21 12:00:00,15,7,33,12,200,1
2016-04-21 13:00:00,19,3,34,13,200,1
2016-04-21 14:00:00,17,7,31,16,200,1
2016-04-21 15:00:00,19,11,37,9,200,NA
2016-04-21 16:00:00,19,9,37,9,200,1
2016-04-21 17:00:00,21,19,38,11,200,1
2016-04-21 18:00:00,19,9,41,13,200,1
2016-04-21 19:00:00,17,7,40,13,300,1
2016-04-21 20:00:00,23,9,37,18,300,1
2016-04-21 21:00:00,29,19,44,10,200,NA
2016-04-21 22:00:00,27,19,44,9,200,NA
2016-04-21 23:00:00,25,9,40,10,300,NA
2016-04-22 00:00:00,23,11,36,12,300,1
2016-04-22 01:00:00,25,15,39,8,300,1
2016-04-22 02:00:00,21,5,37,7,300,NA
2016-04-22 03:00:00,23,5,34,8,300,NA
2016-04-22 04:00:00,23,15,32,8,300,NA
2016-04-22 05:00:00,17,7,32,11,300,1
2016-04-22 06:00:00,25,9,28,17,300,NA
2016-04-22 07:00:00,29,9,29,22,300,1
2016-04-22 08:00:00,25,9,33,23,300,1
2016-04-22 09:00:00,39,19,38,19,300,1
2016-04-22 10:00:00,45,15,42,15,300,1
2016-04-22 11:00:00,51,23,46,19,300,1
2016-04-22 12:00:00,63,25,53,27,400,2
2016-04-22 13:00:00,77,41,70,19,400,3
2016-04-22 14:00:00,79,41,76,12,300,2
2016-04-22 15:00:00,71,39,77,10,300,2
2016-04-22 16:00:00,65,33,72,13,300,2
2016-04-22 17:00:00,59,27,77,12,300,3
2016-04-22 18:00:00,71,43,73,14,500,2
2016-04-22 19:00:00,99,63,64,13,400,2
2016-04-22 20:00:00,103,63,64,14,400,2
2016-04-22 21:00:00,109,63,61,16,400,2
2016-04-22 22:00:00,113,69,60,16,500,2
2016-04-22 23:00:00,123,77,56,14,500,2
2016-04-23 00:00:00,113,67,70,7,400,2
2016-04-23 01:00:00,129,77,66,7,400,2
2016-04-23 02:00:00,137,93,66,8,500,1
2016-04-23 03:00:00,141,91,62,8,500,2
2016-04-23 04:00:00,143,83,57,7,500,1
2016-04-23 05:00:00,137,85,43,16,400,1
2016-04-23 06:00:00,137,77,45,15,400,1
2016-04-23 07:00:00,161,75,31,25,400,1
2016-04-23 08:00:00,153,69,37,18,400,1
2016-04-23 09:00:00,179,71,35,18,300,1
2016-04-23 10:00:00,241,63,38,17,300,1
2016-04-23 11:00:00,283,57,43,13,300,1
2016-04-23 12:00:00,263,49,48,9,300,1
2016-04-23 13:00:00,241,51,51,8,200,1
2016-04-23 14:00:00,197,47,49,10,200,1
2016-04-23 15:00:00,169,41,49,16,300,1
2016-04-23 16:00:00,151,35,54,18,300,1
2016-04-23 17:00:00,145,37,49,18,300,2
2016-04-23 18:00:00,133,45,43,16,300,1
2016-04-23 19:00:00,153,35,42,15,300,1
2016-04-23 20:00:00,153,39,40,14,300,1
2016-04-23 21:00:00,139,37,39,14,300,1
2016-04-23 22:00:00,169,35,41,11,200,1
2016-04-23 23:00:00,163,33,39,11,200,1
2016-04-24 00:00:00,141,23,37,13,300,1
2016-04-24 01:00:00,123,27,37,12,200,1
2016-04-24 02:00:00,109,21,38,8,200,2
2016-04-24 03:00:00,105,19,36,8,200,2
2016-04-24 04:00:00,111,17,33,8,200,2
2016-04-24 05:00:00,121,19,28,12,300,2
2016-04-24 06:00:00,111,19,28,11,300,2
2016-04-24 07:00:00,119,21,27,11,300,1
2016-04-24 08:00:00,143,21,32,11,300,2
2016-04-24 09:00:00,219,39,47,6,300,2
2016-04-24 10:00:00,307,59,50,6,200,2
2016-04-24 11:00:00,255,49,57,4,200,1
2016-04-24 12:00:00,181,33,58,6,200,1
2016-04-24 13:00:00,161,27,58,8,200,1
2016-04-24 14:00:00,149,37,62,7,200,1
2016-04-24 15:00:00,129,31,65,7,200,1
2016-04-24 16:00:00,111,19,63,8,200,1
2016-04-24 17:00:00,103,17,63,9,300,2
2016-04-24 18:00:00,149,29,59,11,300,2
2016-04-24 19:00:00,133,29,53,12,300,2
2016-04-24 20:00:00,121,29,45,19,300,2
2016-04-24 21:00:00,119,31,38,20,300,1
2016-04-24 22:00:00,123,31,25,31,300,1
2016-04-24 23:00:00,119,33,31,16,300,1
2016-04-25 00:00:00,115,31,21,20,300,NA
2016-04-25 01:00:00,107,35,21,16,300,NA
2016-04-25 02:00:00,103,31,21,12,300,NA
2016-04-25 03:00:00,99,27,25,10,300,NA
2016-04-25 04:00:00,101,27,25,10,300,NA
2016-04-25 05:00:00,99,33,20,14,300,NA
2016-04-25 06:00:00,97,27,17,18,300,NA
2016-04-25 07:00:00,101,35,22,19,300,1
2016-04-25 08:00:00,107,35,31,15,300,1
2016-04-25 09:00:00,119,33,42,15,300,1
2016-04-25 10:00:00,133,27,48,14,300,1
2016-04-25 11:00:00,131,33,67,8,200,2
2016-04-25 12:00:00,141,27,71,7,200,1
2016-04-25 13:00:00,127,29,73,6,200,1
2016-04-25 14:00:00,115,25,75,6,200,2
2016-04-25 15:00:00,101,25,75,7,300,2
2016-04-25 16:00:00,103,25,72,10,300,1
2016-04-25 17:00:00,131,23,69,14,300,1
2016-04-25 18:00:00,123,27,64,17,300,1
2016-04-25 19:00:00,111,23,53,26,300,2
2016-04-25 20:00:00,113,33,45,28,300,2
2016-04-25 21:00:00,115,27,51,20,300,2
2016-04-25 22:00:00,109,27,37,26,300,2
2016-04-25 23:00:00,111,37,24,32,300,2
2016-04-26 00:00:00,109,35,23,25,300,2
2016-04-26 01:00:00,99,39,20,20,300,NA
2016-04-26 02:00:00,89,33,24,14,300,1
2016-04-26 03:00:00,85,35,21,15,300,NA
2016-04-26 04:00:00,87,35,25,12,300,NA
2016-04-26 05:00:00,83,29,16,18,300,NA
2016-04-26 06:00:00,81,35,11,23,300,1
2016-04-26 07:00:00,79,31,20,20,300,1
2016-04-26 08:00:00,87,35,39,16,300,1
2016-04-26 09:00:00,101,33,52,14,300,2
2016-04-26 10:00:00,107,37,65,12,300,3
2016-04-26 11:00:00,103,37,75,12,400,4
2016-04-26 12:00:00,103,36,71,20,400,3
2016-04-26 13:00:00,95,35,68,26,400,4
2016-04-26 14:00:00,87,31,59,12,300,13
2016-04-26 15:00:00,47,25,70,13,400,14
2016-04-26 16:00:00,49,25,68,14,400,11
2016-04-26 17:00:00,49,19,55,17,300,5
2016-04-26 18:00:00,41,15,44,16,300,3
2016-04-26 19:00:00,29,11,43,20,400,4
2016-04-26 20:00:00,43,19,47,14,300,3
2016-04-26 21:00:00,39,13,55,8,200,2
2016-04-26 22:00:00,25,13,45,12,200,1
2016-04-26 23:00:00,25,15,43,11,300,1
2016-04-27 00:00:00,35,15,41,9,300,1
2016-04-27 01:00:00,31,17,41,7,300,1
2016-04-27 02:00:00,29,17,41,7,300,1
2016-04-27 03:00:00,31,19,39,7,300,1
2016-04-27 04:00:00,33,19,49,7,200,1
2016-04-27 05:00:00,31,17,55,5,200,1
2016-04-27 06:00:00,23,5,52,6,200,NA
2016-04-27 07:00:00,21,7,48,10,200,NA
2016-04-27 08:00:00,17,5,44,13,200,NA
2016-04-27 09:00:00,19,7,NA,NA,NA,NA
2016-04-27 10:00:00,21,9,NA,NA,NA,NA
2016-04-27 11:00:00,17,11,39,12,200,NA
2016-04-27 12:00:00,17,11,43,10,200,NA
2016-04-27 13:00:00,17,3,48,8,200,NA
2016-04-27 14:00:00,17,5,49,10,200,NA
2016-04-27 15:00:00,17,5,46,12,200,NA
2016-04-27 16:00:00,19,7,47,11,200,NA
2016-04-27 17:00:00,17,7,46,12,200,NA
2016-04-27 18:00:00,15,5,41,15,200,NA
2016-04-27 19:00:00,15,3,44,11,200,NA
2016-04-27 20:00:00,15,1,42,11,200,NA
2016-04-27 21:00:00,11,1,40,11,200,NA
2016-04-27 22:00:00,9,3,40,9,200,NA
2016-04-27 23:00:00,17,3,31,16,200,NA
2016-04-28 00:00:00,11,1,32,10,200,NA
2016-04-28 01:00:00,21,3,34,10,200,NA
2016-04-28 02:00:00,13,7,36,6,200,NA
2016-04-28 03:00:00,15,5,37,7,200,NA
2016-04-28 04:00:00,13,4,38,6,200,NA
2016-04-28 05:00:00,15,1,33,9,200,NA
2016-04-28 06:00:00,17,1,30,14,200,NA
2016-04-28 07:00:00,17,3,31,15,200,NA
2016-04-28 08:00:00,15,3,30,17,200,NA
2016-04-28 09:00:00,15,3,29,19,200,NA
2016-04-28 10:00:00,15,11,31,19,200,NA
2016-04-28 11:00:00,19,11,44,10,200,NA
2016-04-28 12:00:00,23,7,45,10,200,NA
2016-04-28 13:00:00,17,9,49,10,200,NA
2016-04-28 14:00:00,23,9,58,8,200,NA
2016-04-28 15:00:00,25,9,56,8,200,NA
2016-04-28 16:00:00,27,11,54,9,200,NA
2016-04-28 17:00:00,31,11,52,12,200,1
2016-04-28 18:00:00,23,15,49,16,300,3
2016-04-28 19:00:00,41,7,47,18,300,2
2016-04-28 20:00:00,49,25,44,21,300,2
2016-04-28 21:00:00,61,21,35,26,300,2
2016-04-28 22:00:00,61,35,28,26,300,1
2016-04-28 23:00:00,59,27,25,26,300,1
2016-04-29 00:00:00,61,31,28,18,300,1
2016-04-29 01:00:00,61,29,27,17,300,1
2016-04-29 02:00:00,61,35,24,12,300,NA
2016-04-29 03:00:00,57,27,17,13,300,NA
2016-04-29 04:00:00,43,27,20,11,300,NA
2016-04-29 05:00:00,49,25,12,15,300,NA
2016-04-29 06:00:00,47,23,10,14,300,NA
2016-04-29 07:00:00,47,25,16,15,300,1
2016-04-29 08:00:00,61,35,28,15,300,1
2016-04-29 09:00:00,69,45,29,22,300,1
2016-04-29 10:00:00,65,37,31,25,300,1
2016-04-29 11:00:00,61,31,49,13,200,1
2016-04-29 12:00:00,59,25,58,9,200,1
2016-04-29 13:00:00,51,15,59,10,200,1
2016-04-29 14:00:00,51,15,62,8,200,1
2016-04-29 15:00:00,51,15,65,8,200,1
2016-04-29 16:00:00,47,17,63,8,200,1
2016-04-29 17:00:00,49,7,59,10,200,1
2016-04-29 18:00:00,41,11,55,13,200,1
2016-04-29 19:00:00,41,17,54,12,200,1
2016-04-29 20:00:00,47,17,53,13,200,1
2016-04-29 21:00:00,55,23,45,20,300,1
2016-04-29 22:00:00,53,27,32,28,300,1
2016-04-29 23:00:00,53,23,26,24,300,1
2016-04-30 00:00:00,49,19,28,15,300,1
2016-04-30 01:00:00,49,27,19,17,300,NA
2016-04-30 02:00:00,51,23,18,15,300,NA
2016-04-30 03:00:00,47,27,17,13,300,NA
2016-04-30 04:00:00,45,25,17,12,300,NA
2016-04-30 05:00:00,49,23,16,14,300,NA
2016-04-30 06:00:00,45,27,13,14,300,NA
2016-04-30 07:00:00,47,25,15,18,300,1
2016-04-30 08:00:00,55,31,29,13,200,1
2016-04-30 09:00:00,53,25,39,15,200,1
2016-04-30 10:00:00,57,23,50,17,200,1
2016-04-30 11:00:00,41,21,64,10,200,1
2016-04-30 12:00:00,57,19,71,9,300,1
2016-04-30 13:00:00,63,31,80,8,300,2
2016-04-30 14:00:00,65,23,85,9,300,2
2016-04-30 15:00:00,73,35,81,9,300,2
2016-04-30 16:00:00,57,29,82,8,300,2
2016-04-30 17:00:00,65,27,79,11,300,2
2016-04-30 18:00:00,63,27,81,11,300,1
2016-04-30 19:00:00,73,25,76,12,300,1
2016-04-30 20:00:00,69,29,65,13,300,2
2016-04-30 21:00:00,67,25,65,14,300,1
2016-04-30 22:00:00,61,23,67,13,300,2
2016-04-30 23:00:00,57,15,57,13,300,1
2016-05-01 00:00:00,63,23,40,16,300,1
2016-05-01 01:00:00,65,27,36,11,300,NA
2016-05-01 02:00:00,57,27,36,9,300,NA
2016-05-01 03:00:00,55,25,40,7,300,NA
2016-05-01 04:00:00,57,27,41,8,300,NA
2016-05-01 05:00:00,51,25,31,9,300,NA
2016-05-01 06:00:00,47,29,31,10,300,NA
2016-05-01 07:00:00,51,27,37,10,300,1
2016-05-01 08:00:00,53,29,50,8,300,1
2016-05-01 09:00:00,43,23,62,7,200,1
2016-05-01 10:00:00,41,15,68,7,200,1
2016-05-01 11:00:00,31,11,70,5,200,1
2016-05-01 12:00:00,31,9,70,5,200,1
2016-05-01 13:00:00,29,7,72,6,200,1
2016-05-01 14:00:00,33,21,71,6,200,1
2016-05-01 15:00:00,31,9,69,6,200,1
2016-05-01 16:00:00,27,9,63,6,200,1
2016-05-01 17:00:00,31,9,60,8,200,1
2016-05-01 18:00:00,25,9,58,9,200,1
2016-05-01 19:00:00,31,7,51,13,200,2
2016-05-01 20:00:00,37,11,50,14,300,1
2016-05-01 21:00:00,39,19,47,17,200,1
2016-05-01 22:00:00,35,11,24,24,300,1
2016-05-01 23:00:00,49,25,21,19,300,NA
2016-05-02 00:00:00,69,43,26,12,300,NA
2016-05-02 01:00:00,45,15,27,9,200,NA
2016-05-02 02:00:00,45,15,28,9,200,NA
2016-05-02 03:00:00,41,23,29,8,200,NA
2016-05-02 04:00:00,35,15,32,8,200,NA
2016-05-02 05:00:00,35,19,33,8,200,NA
2016-05-02 06:00:00,35,17,34,8,200,NA
2016-05-02 07:00:00,33,17,32,12,200,NA
2016-05-02 08:00:00,41,21,38,11,200,1
2016-05-02 09:00:00,43,25,45,8,200,NA
2016-05-02 10:00:00,45,21,46,8,200,1
2016-05-02 11:00:00,47,19,46,7,200,NA
2016-05-02 12:00:00,55,9,44,7,200,NA
2016-05-02 13:00:00,51,15,42,8,200,NA
2016-05-02 14:00:00,47,21,41,7,200,NA
2016-05-02 15:00:00,45,13,39,9,200,NA
2016-05-02 16:00:00,37,11,37,10,200,NA
2016-05-02 17:00:00,NA,NA,NA,NA,NA,NA
2016-05-02 18:00:00,31,9,31,16,300,NA
2016-05-02 19:00:00,29,11,37,10,200,NA
2016-05-02 20:00:00,25,11,40,7,200,NA
2016-05-02 21:00:00,25,9,40,6,200,NA
2016-05-02 22:00:00,27,15,40,6,200,NA
2016-05-02 23:00:00,19,9,42,6,200,NA
2016-05-03 00:00:00,23,9,43,4,200,NA
2016-05-03 01:00:00,11,7,45,3,200,NA
2016-05-03 02:00:00,11,3,44,3,200,1
2016-05-03 03:00:00,21,3,43,3,200,1
2016-05-03 04:00:00,17,5,44,3,200,1
2016-05-03 05:00:00,13,5,45,4,200,1
2016-05-03 06:00:00,9,1,43,5,200,1
2016-05-03 07:00:00,7,1,41,6,200,1
2016-05-03 08:00:00,9,2,35,12,200,1
2016-05-03 09:00:00,9,2,28,14,200,1
2016-05-03 10:00:00,11,3,31,13,300,1
2016-05-03 11:00:00,21,3,33,11,400,1
2016-05-03 12:00:00,27,7,44,7,200,1
2016-05-03 13:00:00,27,9,48,7,200,1
2016-05-03 14:00:00,29,5,52,7,200,NA
2016-05-03 15:00:00,29,1,51,8,300,NA
2016-05-03 16:00:00,25,5,51,8,200,1
2016-05-03 17:00:00,37,9,53,8,200,1
2016-05-03 18:00:00,37,15,52,8,200,1
2016-05-03 19:00:00,39,19,50,10,200,1
2016-05-03 20:00:00,33,15,49,14,200,1
2016-05-03 21:00:00,47,21,47,15,200,1
2016-05-03 22:00:00,53,21,49,16,300,1
2016-05-03 23:00:00,75,29,53,12,300,1
2016-05-04 00:00:00,93,39,48,11,300,2
2016-05-04 01:00:00,81,33,48,8,300,2
2016-05-04 02:00:00,95,29,40,10,300,3
2016-05-04 03:00:00,79,31,32,13,300,3
2016-05-04 04:00:00,79,33,26,12,300,2
2016-05-04 05:00:00,71,21,11,21,300,1
2016-05-04 06:00:00,67,25,8,29,300,2
2016-05-04 07:00:00,73,31,20,29,300,3
2016-05-04 08:00:00,69,31,29,29,300,4
2016-05-04 09:00:00,75,31,51,13,300,4
2016-05-04 10:00:00,83,25,57,10,300,4
2016-05-04 11:00:00,89,17,61,10,300,4
2016-05-04 12:00:00,87,21,66,10,300,5
2016-05-04 13:00:00,87,23,70,10,300,6
2016-05-04 14:00:00,85,31,70,11,300,5
2016-05-04 15:00:00,87,25,73,10,300,5
2016-05-04 16:00:00,83,19,71,11,300,5
2016-05-04 17:00:00,75,29,69,11,300,4
2016-05-04 18:00:00,75,27,71,12,300,4
2016-05-04 19:00:00,71,21,70,13,300,4
2016-05-04 20:00:00,91,31,60,21,400,4
2016-05-04 21:00:00,89,31,67,16,400,4
2016-05-04 22:00:00,95,43,66,14,400,3
2016-05-04 23:00:00,95,43,62,16,400,3
2016-05-05 00:00:00,91,41,51,19,500,2
2016-05-05 01:00:00,97,39,42,13,500,1
2016-05-05 02:00:00,85,37,36,12,500,1
2016-05-05 03:00:00,77,41,31,11,400,1
2016-05-05 04:00:00,71,41,27,10,400,NA
2016-05-05 05:00:00,67,37,25,12,400,NA
2016-05-05 06:00:00,73,39,29,10,400,NA
2016-05-05 07:00:00,69,29,33,10,400,1
2016-05-05 08:00:00,65,37,38,12,400,1
2016-05-05 09:00:00,67,31,46,9,300,1
2016-05-05 10:00:00,61,31,47,10,300,1
2016-05-05 11:00:00,53,21,52,9,300,1
2016-05-05 12:00:00,45,21,55,13,300,1
2016-05-05 13:00:00,37,13,66,6,200,1
2016-05-05 14:00:00,47,17,66,6,200,1
2016-05-05 15:00:00,47,15,62,6,200,1
2016-05-05 16:00:00,45,11,61,7,200,1
2016-05-05 17:00:00,45,15,63,7,200,1
2016-05-05 18:00:00,53,13,60,8,200,1
2016-05-05 19:00:00,47,11,63,8,200,1
2016-05-05 20:00:00,53,15,59,8,200,1
2016-05-05 21:00:00,47,23,60,8,200,1
2016-05-05 22:00:00,51,21,61,7,200,1
2016-05-05 23:00:00,51,25,60,6,200,1
2016-05-06 00:00:00,49,23,62,4,200,1
2016-05-06 01:00:00,47,19,56,3,200,NA
2016-05-06 02:00:00,31,13,54,3,200,NA
2016-05-06 03:00:00,NA,15,57,3,200,NA
2016-05-06 04:00:00,25,3,55,4,200,NA
2016-05-06 05:00:00,19,5,50,4,200,NA
2016-05-06 06:00:00,15,5,52,6,200,1
2016-05-06 07:00:00,17,5,43,10,200,NA
2016-05-06 08:00:00,21,5,49,8,200,1
2016-05-06 09:00:00,15,5,52,7,200,1
2016-05-06 10:00:00,13,1,54,7,200,1
2016-05-06 11:00:00,13,1,55,9,200,1
2016-05-06 12:00:00,19,3,54,9,200,1
2016-05-06 13:00:00,15,5,54,8,200,1
2016-05-06 14:00:00,17,7,52,9,200,NA
2016-05-06 15:00:00,15,5,52,7,200,1
2016-05-06 16:00:00,15,7,48,8,200,1
2016-05-06 17:00:00,23,9,49,9,200,1
2016-05-06 18:00:00,25,15,47,8,200,NA
2016-05-06 19:00:00,27,13,48,8,300,NA
2016-05-06 20:00:00,21,9,49,8,300,NA
2016-05-06 21:00:00,21,3,51,8,300,NA
2016-05-06 22:00:00,29,7,52,7,300,NA
2016-05-06 23:00:00,55,23,47,9,300,NA
2016-05-07 00:00:00,99,35,46,9,300,NA
2016-05-07 01:00:00,121,27,50,5,200,NA
2016-05-07 02:00:00,267,43,48,4,200,NA
2016-05-07 03:00:00,506,79,44,7,200,NA
2016-05-07 04:00:00,550,77,41,8,200,NA
2016-05-07 05:00:00,468,67,32,16,200,NA
2016-05-07 06:00:00,482,73,33,15,200,NA
2016-05-07 07:00:00,361,55,39,10,200,NA
2016-05-07 08:00:00,339,55,43,8,200,1
2016-05-07 09:00:00,243,43,43,10,200,1
2016-05-07 10:00:00,211,37,52,8,200,1
2016-05-07 11:00:00,153,21,55,5,100,1
2016-05-07 12:00:00,161,15,54,5,200,1
2016-05-07 13:00:00,99,11,52,5,200,1
2016-05-07 14:00:00,95,9,51,5,100,NA
2016-05-07 15:00:00,87,7,52,5,100,NA
2016-05-07 16:00:00,53,5,53,5,100,NA
2016-05-07 17:00:00,47,5,52,6,100,NA
2016-05-07 18:00:00,45,3,52,6,100,NA
2016-05-07 19:00:00,47,3,51,7,100,NA
2016-05-07 20:00:00,53,7,51,6,200,NA
2016-05-07 21:00:00,51,7,49,7,200,1
2016-05-07 22:00:00,43,9,49,8,200,1
2016-05-07 23:00:00,47,9,45,9,200,1
2016-05-08 00:00:00,43,9,36,10,200,NA
2016-05-08 01:00:00,35,11,31,8,200,NA
2016-05-08 02:00:00,37,11,31,7,200,NA
2016-05-08 03:00:00,39,11,32,6,200,NA
2016-05-08 04:00:00,39,9,27,7,200,NA
2016-05-08 05:00:00,39,9,31,7,200,NA
2016-05-08 06:00:00,37,11,31,8,200,NA
2016-05-08 07:00:00,45,15,30,8,200,NA
2016-05-08 08:00:00,49,15,36,7,200,1
2016-05-08 09:00:00,53,13,46,6,200,1
2016-05-08 10:00:00,51,13,52,6,200,1
2016-05-08 11:00:00,53,9,57,6,200,1
2016-05-08 12:00:00,61,9,65,7,200,1
2016-05-08 13:00:00,63,11,69,8,200,2
2016-05-08 14:00:00,67,19,74,10,300,5
2016-05-08 15:00:00,67,13,75,10,200,4
2016-05-08 16:00:00,75,19,77,10,200,3
2016-05-08 17:00:00,93,17,69,11,200,2
2016-05-08 18:00:00,97,19,64,16,200,3
2016-05-08 19:00:00,103,19,60,13,300,5
2016-05-08 20:00:00,93,21,52,14,500,6
2016-05-08 21:00:00,81,25,46,15,400,4
2016-05-08 22:00:00,83,13,40,14,400,2
2016-05-08 23:00:00,91,25,38,13,400,2
2016-05-09 00:00:00,87,27,30,13,400,1
2016-05-09 01:00:00,83,31,30,12,300,1
2016-05-09 02:00:00,79,29,32,9,300,1
2016-05-09 03:00:00,71,25,30,9,300,1
2016-05-09 04:00:00,65,17,29,9,300,1
2016-05-09 05:00:00,63,23,24,12,300,1
2016-05-09 06:00:00,63,25,17,18,300,1
2016-05-09 07:00:00,61,21,12,25,300,1
2016-05-09 08:00:00,63,21,23,24,300,3
2016-05-09 09:00:00,67,23,19,31,300,2
2016-05-09 10:00:00,69,21,33,19,300,2
2016-05-09 11:00:00,59,19,33,24,300,2
2016-05-09 12:00:00,61,17,39,21,300,2
2016-05-09 13:00:00,55,19,43,20,300,2
2016-05-09 14:00:00,59,19,44,19,200,1
2016-05-09 15:00:00,49,15,46,17,200,1
2016-05-09 16:00:00,45,17,NA,NA,NA,NA
2016-05-09 17:00:00,NA,NA,NA,NA,NA,NA
2016-05-09 18:00:00,53,17,43,20,200,1
2016-05-09 19:00:00,61,19,44,13,200,1
2016-05-09 20:00:00,51,17,38,15,200,1
2016-05-09 21:00:00,54,25,35,16,300,NA
2016-05-09 22:00:00,57,27,32,16,300,1
2016-05-09 23:00:00,67,29,33,14,300,1
2016-05-10 00:00:00,67,27,30,12,300,1
2016-05-10 01:00:00,71,31,33,14,300,1
2016-05-10 02:00:00,59,33,41,9,300,1
2016-05-10 03:00:00,57,27,37,9,300,1
2016-05-10 04:00:00,53,27,26,10,300,1
2016-05-10 05:00:00,57,35,25,14,300,1
2016-05-10 06:00:00,43,25,32,10,300,1
2016-05-10 07:00:00,43,25,37,12,300,1
2016-05-10 08:00:00,37,17,41,15,300,1
2016-05-10 09:00:00,41,23,38,14,300,1
2016-05-10 10:00:00,33,17,36,14,300,1
2016-05-10 11:00:00,27,17,40,13,300,1
2016-05-10 12:00:00,27,11,43,10,300,1
2016-05-10 13:00:00,23,15,41,11,300,1
2016-05-10 14:00:00,17,11,38,12,300,1
2016-05-10 15:00:00,21,15,35,13,300,1
2016-05-10 16:00:00,21,13,33,17,300,1
2016-05-10 17:00:00,21,13,30,19,300,1
2016-05-10 18:00:00,17,9,32,19,300,1
2016-05-10 19:00:00,19,5,27,24,300,1
2016-05-10 20:00:00,13,5,36,14,300,1
2016-05-10 21:00:00,15,3,41,9,200,1
2016-05-10 22:00:00,17,3,37,11,200,NA
2016-05-10 23:00:00,21,5,38,9,200,1
2016-05-11 00:00:00,19,7,38,7,200,NA
2016-05-11 01:00:00,11,5,38,6,200,1
2016-05-11 02:00:00,15,5,37,6,200,NA
2016-05-11 03:00:00,21,7,35,6,200,1
2016-05-11 04:00:00,25,17,35,6,200,1
2016-05-11 05:00:00,19,13,30,10,200,1
2016-05-11 06:00:00,19,9,26,12,200,NA
2016-05-11 07:00:00,23,7,30,13,200,NA
2016-05-11 08:00:00,23,9,34,16,200,1
2016-05-11 09:00:00,23,15,36,17,200,NA
2016-05-11 10:00:00,17,5,45,12,200,NA
2016-05-11 11:00:00,19,9,50,10,200,1
2016-05-11 12:00:00,17,5,57,9,200,1
2016-05-11 13:00:00,17,5,60,7,200,NA
2016-05-11 14:00:00,15,3,61,7,200,1
2016-05-11 15:00:00,19,6,60,7,200,1
2016-05-11 16:00:00,17,7,62,8,200,1
2016-05-11 17:00:00,27,9,61,10,200,1
2016-05-11 18:00:00,27,9,58,11,200,1
2016-05-11 19:00:00,25,9,52,14,200,1
2016-05-11 20:00:00,29,9,45,20,200,1
2016-05-11 21:00:00,31,23,47,17,200,1
2016-05-11 22:00:00,39,13,31,29,300,1
2016-05-11 23:00:00,39,25,20,27,300,1
2016-05-12 00:00:00,39,25,21,19,300,1
2016-05-12 01:00:00,35,23,24,15,300,1
2016-05-12 02:00:00,37,21,15,18,300,1
2016-05-12 03:00:00,35,21,12,16,200,NA
2016-05-12 04:00:00,37,21,13,12,200,1
2016-05-12 05:00:00,35,21,12,12,200,NA
2016-05-12 06:00:00,33,15,13,16,200,NA
2016-05-12 07:00:00,39,15,16,19,200,1
2016-05-12 08:00:00,41,25,25,20,300,1
2016-05-12 09:00:00,41,19,36,24,300,1
2016-05-12 10:00:00,35,19,46,18,300,1
2016-05-12 11:00:00,33,17,57,10,200,1
2016-05-12 12:00:00,23,11,61,9,200,1
2016-05-12 13:00:00,27,11,60,8,200,1
2016-05-12 14:00:00,25,9,61,7,200,1
2016-05-12 15:00:00,23,5,62,7,200,1
2016-05-12 16:00:00,21,5,62,8,200,1
2016-05-12 17:00:00,27,7,60,10,200,1
2016-05-12 18:00:00,23,7,58,12,200,1
2016-05-12 19:00:00,25,5,55,13,200,1
2016-05-12 20:00:00,25,7,51,15,200,1
2016-05-12 21:00:00,23,11,47,17,200,1
2016-05-12 22:00:00,25,9,48,11,200,1
2016-05-12 23:00:00,27,9,45,10,200,1
2016-05-13 00:00:00,25,9,41,11,200,1
2016-05-13 01:00:00,25,5,37,10,200,1
2016-05-13 02:00:00,27,6,37,11,200,NA
2016-05-13 03:00:00,21,11,43,8,200,NA
2016-05-13 04:00:00,29,17,45,8,200,NA
2016-05-13 05:00:00,33,15,51,8,200,NA
2016-05-13 06:00:00,37,23,57,8,200,NA
2016-05-13 07:00:00,45,27,56,13,300,NA
2016-05-13 08:00:00,33,21,60,12,400,NA
2016-05-13 09:00:00,41,23,57,12,400,NA
2016-05-13 10:00:00,35,21,56,11,300,NA
2016-05-13 11:00:00,29,21,54,11,300,NA
2016-05-13 12:00:00,41,21,55,10,300,NA
2016-05-13 13:00:00,33,11,56,8,300,NA
2016-05-13 14:00:00,33,21,59,7,300,NA
2016-05-13 15:00:00,29,21,61,6,200,1
2016-05-13 16:00:00,37,13,62,7,200,NA
2016-05-13 17:00:00,37,13,63,8,300,NA
2016-05-13 18:00:00,39,19,58,10,300,NA
2016-05-13 19:00:00,39,19,42,21,300,1
2016-05-13 20:00:00,45,21,28,27,300,NA
2016-05-13 21:00:00,49,23,51,19,400,3
2016-05-13 22:00:00,47,29,70,12,400,3
2016-05-13 23:00:00,55,31,67,13,300,2
2016-05-14 00:00:00,43,25,53,12,300,1
2016-05-14 01:00:00,49,29,46,11,300,1
2016-05-14 02:00:00,47,31,32,10,300,1
2016-05-14 03:00:00,51,33,36,9,500,1
2016-05-14 04:00:00,59,43,35,10,500,2
2016-05-14 05:00:00,63,39,30,11,500,1
2016-05-14 06:00:00,61,39,27,12,400,1
2016-05-14 07:00:00,61,35,30,10,400,1
2016-05-14 08:00:00,53,31,43,9,300,1
2016-05-14 09:00:00,49,25,51,8,300,1
2016-05-14 10:00:00,49,19,59,8,300,1
2016-05-14 11:00:00,43,19,67,8,300,1
2016-05-14 12:00:00,37,17,74,8,300,1
2016-05-14 13:00:00,37,17,77,8,200,1
2016-05-14 14:00:00,33,17,76,7,200,1
2016-05-14 15:00:00,29,15,79,7,300,2
2016-05-14 16:00:00,31,15,86,10,300,3
2016-05-14 17:00:00,37,17,85,13,300,3
2016-05-14 18:00:00,37,15,79,11,200,3
2016-05-14 19:00:00,35,13,79,14,300,3
2016-05-14 20:00:00,45,21,66,12,300,1
2016-05-14 21:00:00,37,17,61,14,300,1
2016-05-14 22:00:00,39,17,56,14,300,1
2016-05-14 23:00:00,39,15,57,10,200,1
2016-05-15 00:00:00,35,17,52,9,200,1
2016-05-15 01:00:00,35,19,44,10,200,1
2016-05-15 02:00:00,35,19,39,8,200,1
2016-05-15 03:00:00,37,15,35,8,200,1
2016-05-15 04:00:00,29,15,33,8,200,1
2016-05-15 05:00:00,33,17,27,10,200,1
2016-05-15 06:00:00,37,19,29,10,200,1
2016-05-15 07:00:00,39,19,40,9,200,1
2016-05-15 08:00:00,37,13,45,7,200,1
2016-05-15 09:00:00,37,19,49,6,200,NA
2016-05-15 10:00:00,35,19,47,9,200,NA
2016-05-15 11:00:00,35,25,47,9,200,1
2016-05-15 12:00:00,37,19,46,6,200,1
2016-05-15 13:00:00,37,19,46,7,200,1
2016-05-15 14:00:00,37,13,44,6,200,NA
2016-05-15 15:00:00,35,13,41,7,200,NA
2016-05-15 16:00:00,35,23,40,6,200,NA
2016-05-15 17:00:00,31,13,38,8,200,NA
2016-05-15 18:00:00,31,15,33,10,200,NA
2016-05-15 19:00:00,29,17,30,9,200,1
2016-05-15 20:00:00,23,9,30,8,200,1
2016-05-15 21:00:00,19,7,40,6,200,NA
2016-05-15 22:00:00,15,3,47,7,200,NA
2016-05-15 23:00:00,7,2,51,5,200,NA
2016-05-16 00:00:00,7,1,52,5,200,NA
2016-05-16 01:00:00,7,1,53,3,200,NA
2016-05-16 02:00:00,9,1,52,3,100,NA
2016-05-16 03:00:00,17,3,49,3,200,NA
2016-05-16 04:00:00,17,1,50,4,200,NA
2016-05-16 05:00:00,21,7,47,6,200,NA
2016-05-16 06:00:00,21,9,44,8,200,NA
2016-05-16 07:00:00,19,11,41,11,200,NA
2016-05-16 08:00:00,23,11,40,12,300,1
2016-05-16 09:00:00,33,15,44,10,300,1
2016-05-16 10:00:00,39,23,47,9,300,1
2016-05-16 11:00:00,47,19,53,8,300,1
2016-05-16 12:00:00,35,19,55,7,300,1
2016-05-16 13:00:00,35,9,56,6,200,1
2016-05-16 14:00:00,33,9,59,5,200,1
2016-05-16 15:00:00,33,7,59,6,200,1
2016-05-16 16:00:00,35,5,60,6,200,1
2016-05-16 17:00:00,33,9,65,9,200,2
2016-05-16 18:00:00,39,11,66,9,300,3
2016-05-16 19:00:00,41,15,60,12,300,3
2016-05-16 20:00:00,43,15,44,25,300,2
2016-05-16 21:00:00,45,17,38,23,300,2
2016-05-16 22:00:00,55,27,26,31,300,2
2016-05-16 23:00:00,53,25,19,26,300,1
2016-05-17 00:00:00,49,23,20,19,300,1
2016-05-17 01:00:00,43,23,21,14,300,NA
2016-05-17 02:00:00,41,19,19,13,300,NA
2016-05-17 03:00:00,41,17,18,13,300,NA
2016-05-17 04:00:00,45,23,17,12,300,NA
2016-05-17 05:00:00,39,23,17,12,200,NA
2016-05-17 06:00:00,37,21,20,12,200,NA
2016-05-17 07:00:00,37,19,23,14,300,1
2016-05-17 08:00:00,45,23,26,18,300,1
2016-05-17 09:00:00,55,25,27,28,400,2
2016-05-17 10:00:00,63,33,57,18,300,2
2016-05-17 11:00:00,57,29,66,9,300,2
2016-05-17 12:00:00,53,31,66,8,300,2
2016-05-17 13:00:00,49,21,68,7,300,1
2016-05-17 14:00:00,41,17,69,5,200,1
2016-05-17 15:00:00,33,11,70,10,200,1
2016-05-17 16:00:00,45,23,73,7,200,1
2016-05-17 17:00:00,35,9,70,9,200,1
2016-05-17 18:00:00,35,17,67,11,300,1
2016-05-17 19:00:00,31,17,61,13,300,1
2016-05-17 20:00:00,41,19,51,21,300,1
2016-05-17 21:00:00,45,21,20,41,300,1
2016-05-17 22:00:00,63,31,18,34,300,NA
2016-05-17 23:00:00,59,29,17,30,300,NA
2016-05-18 00:00:00,59,31,17,24,300,NA
2016-05-18 01:00:00,59,33,22,14,300,NA
2016-05-18 02:00:00,53,27,23,13,300,NA
2016-05-18 03:00:00,53,29,25,11,300,NA
2016-05-18 04:00:00,49,25,26,10,300,NA
2016-05-18 05:00:00,51,33,21,15,300,NA
2016-05-18 06:00:00,47,31,17,21,300,1
2016-05-18 07:00:00,55,31,31,15,300,1
2016-05-18 08:00:00,59,33,34,16,300,1
2016-05-18 09:00:00,61,37,50,14,300,1
2016-05-18 10:00:00,57,27,67,10,300,1
2016-05-18 11:00:00,59,31,74,10,300,1
2016-05-18 12:00:00,53,25,73,7,200,1
2016-05-18 13:00:00,39,19,73,5,200,NA
2016-05-18 14:00:00,27,7,75,7,200,1
2016-05-18 15:00:00,23,17,83,7,200,NA
2016-05-18 16:00:00,37,15,NA,NA,NA,NA
2016-05-18 17:00:00,NA,NA,NA,NA,NA,NA
2016-05-18 18:00:00,47,25,75,21,300,3
2016-05-18 19:00:00,47,25,72,25,400,4
2016-05-18 20:00:00,63,35,69,22,300,4
2016-05-18 21:00:00,59,29,42,33,400,4
2016-05-18 22:00:00,65,37,34,27,400,3
2016-05-18 23:00:00,61,39,35,19,300,3
2016-05-19 00:00:00,65,37,34,15,300,2
2016-05-19 01:00:00,57,33,32,13,300,2
2016-05-19 02:00:00,53,35,28,14,300,2
2016-05-19 03:00:00,53,37,33,10,300,2
2016-05-19 04:00:00,53,33,33,10,300,2
2016-05-19 05:00:00,53,33,27,14,300,2
2016-05-19 06:00:00,57,33,32,14,300,2
2016-05-19 07:00:00,59,31,34,16,300,2
2016-05-19 08:00:00,61,39,42,17,300,3
2016-05-19 09:00:00,67,39,48,15,300,3
2016-05-19 10:00:00,67,37,49,18,300,3
2016-05-19 11:00:00,63,37,61,14,300,4
2016-05-19 12:00:00,65,37,73,10,300,4
2016-05-19 13:00:00,41,23,73,9,300,3
2016-05-19 14:00:00,35,19,74,8,200,3
2016-05-19 15:00:00,33,17,74,7,200,3
2016-05-19 16:00:00,23,11,75,8,200,3
2016-05-19 17:00:00,27,13,67,12,200,3
2016-05-19 18:00:00,29,15,63,22,300,3
2016-05-19 19:00:00,49,27,62,24,300,3
2016-05-19 20:00:00,67,39,59,26,400,3
2016-05-19 21:00:00,65,41,57,23,400,3
2016-05-19 22:00:00,69,41,48,31,400,3
2016-05-19 23:00:00,81,45,25,28,400,3
2016-05-20 00:00:00,67,43,20,20,300,2
2016-05-20 01:00:00,55,29,22,17,300,2
2016-05-20 02:00:00,51,33,23,16,300,2
2016-05-20 03:00:00,51,31,31,13,300,2
2016-05-20 04:00:00,51,33,34,9,300,2
2016-05-20 05:00:00,53,33,32,10,300,2
2016-05-20 06:00:00,55,35,30,13,300,2
2016-05-20 07:00:00,57,35,34,15,300,3
2016-05-20 08:00:00,53,37,44,15,300,3
2016-05-20 09:00:00,57,37,57,11,300,4
2016-05-20 10:00:00,53,27,64,9,300,4
2016-05-20 11:00:00,71,17,71,8,200,5
2016-05-20 12:00:00,39,17,70,6,200,3
2016-05-20 13:00:00,29,11,71,5,200,3
2016-05-20 14:00:00,25,11,75,5,200,3
2016-05-20 15:00:00,27,9,80,6,200,3
2016-05-20 16:00:00,23,9,82,6,200,3
2016-05-20 17:00:00,25,13,81,12,300,4
2016-05-20 18:00:00,43,25,75,15,300,4
2016-05-20 19:00:00,49,27,65,23,300,4
2016-05-20 20:00:00,47,27,53,29,300,4
2016-05-20 21:00:00,55,33,46,25,300,3
2016-05-20 22:00:00,59,33,27,32,400,3
2016-05-20 23:00:00,75,43,29,27,400,3
2016-05-21 00:00:00,67,35,32,18,400,2
2016-05-21 01:00:00,63,45,34,12,300,2
2016-05-21 02:00:00,47,29,31,14,300,2
2016-05-21 03:00:00,49,31,35,11,300,2
2016-05-21 04:00:00,49,31,36,11,300,3
2016-05-21 05:00:00,51,29,32,13,300,2
2016-05-21 06:00:00,47,27,37,13,300,3
2016-05-21 07:00:00,41,27,39,12,300,3
2016-05-21 08:00:00,49,27,44,13,300,3
2016-05-21 09:00:00,47,27,58,10,300,3
2016-05-21 10:00:00,53,27,69,9,200,3
2016-05-21 11:00:00,43,23,74,6,200,3
2016-05-21 12:00:00,37,13,76,5,200,3
2016-05-21 13:00:00,31,11,76,5,200,3
2016-05-21 14:00:00,29,11,75,5,200,2
2016-05-21 15:00:00,23,15,76,5,200,2
2016-05-21 16:00:00,27,11,75,5,200,2
2016-05-21 17:00:00,25,9,75,8,200,3
2016-05-21 18:00:00,27,15,82,12,300,5
2016-05-21 19:00:00,31,15,85,15,300,5
2016-05-21 20:00:00,45,23,77,15,300,5
2016-05-21 21:00:00,51,29,51,24,300,4
2016-05-21 22:00:00,63,31,36,29,400,3
2016-05-21 23:00:00,71,39,38,19,400,3
2016-05-22 00:00:00,67,45,37,15,400,3
2016-05-22 01:00:00,57,37,37,14,400,3
2016-05-22 02:00:00,55,35,37,11,400,3
2016-05-22 03:00:00,53,31,33,11,400,3
2016-05-22 04:00:00,59,43,36,10,400,3
2016-05-22 05:00:00,51,37,37,12,400,3
2016-05-22 06:00:00,51,35,39,10,400,3
2016-05-22 07:00:00,59,37,41,11,300,3
2016-05-22 08:00:00,55,41,50,9,300,3
2016-05-22 09:00:00,61,39,64,6,300,3
2016-05-22 10:00:00,53,31,71,6,300,3
2016-05-22 11:00:00,55,31,75,6,300,3
2016-05-22 12:00:00,53,29,79,5,300,3
2016-05-22 13:00:00,47,29,83,6,300,3
2016-05-22 14:00:00,43,27,82,6,200,3
2016-05-22 15:00:00,43,23,87,5,300,4
2016-05-22 16:00:00,39,23,94,7,300,6
2016-05-22 17:00:00,39,23,87,7,300,7
2016-05-22 18:00:00,37,29,90,11,400,9
2016-05-22 19:00:00,39,27,86,13,300,7
2016-05-22 20:00:00,43,23,64,19,400,6
2016-05-22 21:00:00,61,37,46,27,400,5
2016-05-22 22:00:00,69,41,41,23,400,4
2016-05-22 23:00:00,67,37,40,18,400,4
2016-05-23 00:00:00,71,35,40,14,400,3
2016-05-23 01:00:00,63,43,41,12,400,3
2016-05-23 02:00:00,55,39,43,10,400,3
2016-05-23 03:00:00,53,37,43,10,500,5
2016-05-23 04:00:00,57,45,40,11,500,4
2016-05-23 05:00:00,55,33,28,17,400,3
2016-05-23 06:00:00,57,43,32,17,400,4
2016-05-23 07:00:00,59,35,36,16,400,4
2016-05-23 08:00:00,67,39,45,15,400,4
2016-05-23 09:00:00,67,41,58,13,300,5
2016-05-23 10:00:00,59,43,71,13,400,5
2016-05-23 11:00:00,59,33,78,16,400,5
2016-05-23 12:00:00,59,37,83,10,300,5
2016-05-23 13:00:00,45,21,85,10,300,5
2016-05-23 14:00:00,45,27,79,8,200,4
2016-05-23 15:00:00,35,21,73,8,200,3
2016-05-23 16:00:00,39,21,71,8,200,4
2016-05-23 17:00:00,35,17,69,10,200,4
2016-05-23 18:00:00,39,25,64,13,200,3
2016-05-23 19:00:00,37,17,63,9,200,3
2016-05-23 20:00:00,35,21,59,8,200,3
2016-05-23 21:00:00,37,17,54,7,200,3
2016-05-23 22:00:00,35,15,51,7,200,3
2016-05-23 23:00:00,37,13,49,7,200,3
2016-05-24 00:00:00,37,21,51,5,200,3
2016-05-24 01:00:00,31,11,52,5,200,3
2016-05-24 02:00:00,33,15,51,4,200,3
2016-05-24 03:00:00,29,12,51,4,200,2
2016-05-24 04:00:00,33,19,50,4,200,2
2016-05-24 05:00:00,35,13,46,5,200,2
2016-05-24 06:00:00,33,13,42,8,200,2
2016-05-24 07:00:00,29,11,41,8,200,2
2016-05-24 08:00:00,11,7,40,11,300,2
2016-05-24 09:00:00,13,1,35,20,300,2
2016-05-24 10:00:00,13,3,43,10,300,2
2016-05-24 11:00:00,11,5,47,9,300,2
2016-05-24 12:00:00,7,1,56,9,300,2
2016-05-24 13:00:00,15,5,60,7,300,2
2016-05-24 14:00:00,16,7,57,8,300,2
2016-05-24 15:00:00,15,5,64,7,300,2
2016-05-24 16:00:00,25,15,69,7,200,2
2016-05-24 17:00:00,23,7,67,8,200,2
2016-05-24 18:00:00,27,15,66,8,200,2
2016-05-24 19:00:00,27,13,59,11,200,2
2016-05-24 20:00:00,27,21,45,17,300,2
2016-05-24 21:00:00,33,15,36,17,400,2
2016-05-24 22:00:00,37,21,31,19,300,2
2016-05-24 23:00:00,41,21,36,11,300,2
2016-05-25 00:00:00,41,19,24,13,300,2
2016-05-25 01:00:00,41,23,23,10,300,2
2016-05-25 02:00:00,35,21,19,10,300,2
2016-05-25 03:00:00,39,17,20,8,300,2
2016-05-25 04:00:00,41,19,21,7,200,2
2016-05-25 05:00:00,25,15,23,8,200,2
2016-05-25 06:00:00,29,21,26,8,200,2
2016-05-25 07:00:00,29,9,27,10,200,2
2016-05-25 08:00:00,31,25,30,12,200,2
2016-05-25 09:00:00,31,17,34,13,200,2
2016-05-25 10:00:00,33,15,55,11,300,2
2016-05-25 11:00:00,43,25,75,10,400,4
2016-05-25 12:00:00,93,69,82,8,400,4
2016-05-25 13:00:00,87,57,80,8,400,4
2016-05-25 14:00:00,83,53,82,9,400,3
2016-05-25 15:00:00,79,47,83,8,400,3
2016-05-25 16:00:00,67,41,NA,NA,NA,NA
2016-05-25 17:00:00,67,41,84,10,400,3
2016-05-25 18:00:00,73,39,80,12,400,3
2016-05-25 19:00:00,65,41,67,19,500,3
2016-05-25 20:00:00,83,51,64,15,500,2
2016-05-25 21:00:00,83,51,61,16,500,2
2016-05-25 22:00:00,87,51,52,22,400,2
2016-05-25 23:00:00,87,51,55,17,400,2
2016-05-26 00:00:00,85,55,47,14,400,2
2016-05-26 01:00:00,83,52,30,13,400,2
2016-05-26 02:00:00,81,49,25,13,400,2
2016-05-26 03:00:00,83,65,23,11,400,2
2016-05-26 04:00:00,77,53,20,12,400,2
2016-05-26 05:00:00,81,53,23,10,400,2
2016-05-26 06:00:00,81,57,23,10,400,2
2016-05-26 07:00:00,81,59,28,12,400,2
2016-05-26 08:00:00,71,49,43,11,400,2
2016-05-26 09:00:00,85,61,68,7,400,2
2016-05-26 10:00:00,91,57,78,7,400,2
2016-05-26 11:00:00,87,57,78,9,500,3
2016-05-26 12:00:00,69,47,86,7,400,3
2016-05-26 13:00:00,63,39,88,7,400,3
2016-05-26 14:00:00,67,49,84,8,400,2
2016-05-26 15:00:00,63,41,81,7,400,3
2016-05-26 16:00:00,75,47,77,9,500,3
2016-05-26 17:00:00,73,49,68,15,500,3
2016-05-26 18:00:00,75,51,65,15,500,3
2016-05-26 19:00:00,77,51,61,17,500,3
2016-05-26 20:00:00,83,53,60,15,500,3
2016-05-26 21:00:00,85,57,61,12,500,3
2016-05-26 22:00:00,89,65,59,13,500,2
2016-05-26 23:00:00,93,63,55,14,500,3
2016-05-27 00:00:00,103,73,57,10,400,2
2016-05-27 01:00:00,93,59,57,9,400,2
2016-05-27 02:00:00,105,79,52,9,400,2
2016-05-27 03:00:00,97,69,46,11,500,3
2016-05-27 04:00:00,103,71,40,12,500,3
2016-05-27 05:00:00,103,71,32,15,400,2
2016-05-27 06:00:00,95,67,36,16,400,2
2016-05-27 07:00:00,101,77,49,12,500,3
2016-05-27 08:00:00,111,79,55,14,500,4
2016-05-27 09:00:00,115,81,62,13,500,4
2016-05-27 10:00:00,109,77,74,8,400,3
2016-05-27 11:00:00,91,65,78,7,400,3
2016-05-27 12:00:00,75,49,81,6,400,3
2016-05-27 13:00:00,63,45,89,9,400,2
2016-05-27 14:00:00,61,47,98,11,400,2
2016-05-27 15:00:00,71,41,93,12,400,2
2016-05-27 16:00:00,71,47,82,17,500,4
2016-05-27 17:00:00,85,49,76,18,500,3
2016-05-27 18:00:00,93,61,62,23,500,4
2016-05-27 19:00:00,107,69,69,20,500,3
2016-05-27 20:00:00,105,63,66,19,500,3
2016-05-27 21:00:00,107,57,60,23,500,3
2016-05-27 22:00:00,95,59,54,22,500,3
2016-05-27 23:00:00,103,67,60,12,500,3
2016-05-28 00:00:00,103,65,55,11,500,3
2016-05-28 01:00:00,101,71,50,13,400,3
2016-05-28 02:00:00,93,63,61,8,400,3
2016-05-28 03:00:00,85,65,65,8,400,2
2016-05-28 04:00:00,69,55,64,8,400,2
2016-05-28 05:00:00,65,49,50,15,400,3
2016-05-28 06:00:00,67,49,38,13,400,2
2016-05-28 07:00:00,63,43,39,17,400,2
2016-05-28 08:00:00,71,51,39,16,400,2
2016-05-28 09:00:00,67,41,39,23,400,3
2016-05-28 10:00:00,61,37,48,17,400,3
2016-05-28 11:00:00,75,39,62,9,400,3
2016-05-28 12:00:00,61,37,65,12,400,3
2016-05-28 13:00:00,67,37,74,9,300,3
2016-05-28 14:00:00,65,33,79,7,300,3
2016-05-28 15:00:00,63,25,83,8,300,3
2016-05-28 16:00:00,61,29,84,8,300,3
2016-05-28 17:00:00,61,27,85,6,300,3
2016-05-28 18:00:00,61,23,81,9,400,3
2016-05-28 19:00:00,61,29,78,11,400,3
2016-05-28 20:00:00,81,33,72,12,400,3
2016-05-28 21:00:00,85,39,62,16,500,3
2016-05-28 22:00:00,81,37,50,23,500,3
2016-05-28 23:00:00,79,41,44,17,500,3
2016-05-29 00:00:00,75,45,51,14,400,3
2016-05-29 01:00:00,73,39,48,10,400,2
2016-05-29 02:00:00,73,35,50,9,400,3
2016-05-29 03:00:00,69,31,41,9,400,2
2016-05-29 04:00:00,61,33,48,7,400,2
2016-05-29 05:00:00,63,31,49,7,400,2
2016-05-29 06:00:00,63,35,34,12,500,3
2016-05-29 07:00:00,69,37,43,12,500,3
2016-05-29 08:00:00,71,35,45,11,500,2
2016-05-29 09:00:00,65,35,44,12,500,2
2016-05-29 10:00:00,63,33,47,12,500,2
2016-05-29 11:00:00,71,37,60,9,400,3
2016-05-29 12:00:00,75,37,71,7,400,3
2016-05-29 13:00:00,63,29,78,6,400,3
2016-05-29 14:00:00,53,35,78,5,400,3
2016-05-29 15:00:00,47,25,78,5,300,3
2016-05-29 16:00:00,43,23,80,6,300,3
2016-05-29 17:00:00,51,27,74,7,400,3
2016-05-29 18:00:00,49,17,77,6,300,3
2016-05-29 19:00:00,47,21,76,8,300,3
2016-05-29 20:00:00,47,19,71,10,400,3
2016-05-29 21:00:00,55,23,65,13,400,3
2016-05-29 22:00:00,57,31,61,15,400,3
2016-05-29 23:00:00,59,35,52,17,500,3
2016-05-30 00:00:00,63,27,48,13,400,3
2016-05-30 01:00:00,63,35,40,10,400,2
2016-05-30 02:00:00,61,35,40,10,400,2
2016-05-30 03:00:00,67,43,32,10,400,2
2016-05-30 04:00:00,53,25,36,9,400,2
2016-05-30 05:00:00,67,39,33,12,400,2
2016-05-30 06:00:00,65,39,26,16,400,2
2016-05-30 07:00:00,67,41,31,17,400,2
2016-05-30 08:00:00,77,47,47,17,400,4
2016-05-30 09:00:00,81,49,74,10,400,5
2016-05-30 10:00:00,81,47,85,9,500,4
2016-05-30 11:00:00,77,45,94,8,500,4
2016-05-30 12:00:00,79,41,93,8,400,4
2016-05-30 13:00:00,75,39,96,8,500,4
2016-05-30 14:00:00,69,37,94,8,400,4
2016-05-30 15:00:00,75,35,85,9,500,3
2016-05-30 16:00:00,73,35,85,8,400,3
2016-05-30 17:00:00,73,37,82,11,500,4
2016-05-30 18:00:00,71,37,80,12,500,3
2016-05-30 19:00:00,75,39,80,10,500,4
2016-05-30 20:00:00,79,41,78,12,400,3
2016-05-30 21:00:00,73,41,72,15,400,3
2016-05-30 22:00:00,75,39,62,22,500,3
2016-05-30 23:00:00,81,41,36,34,500,3
2016-05-31 00:00:00,79,45,46,17,500,2
2016-05-31 01:00:00,75,43,40,14,500,2
2016-05-31 02:00:00,73,39,34,14,500,2
2016-05-31 03:00:00,75,47,33,11,400,2
2016-05-31 04:00:00,73,45,31,11,400,2
2016-05-31 05:00:00,71,39,25,15,400,2
2016-05-31 06:00:00,75,51,25,16,500,2
2016-05-31 07:00:00,77,61,29,18,500,2
2016-05-31 08:00:00,85,53,53,14,500,2
2016-05-31 09:00:00,93,61,67,13,500,3
2016-05-31 10:00:00,93,59,76,10,400,3
2016-05-31 11:00:00,69,39,86,8,400,3
2016-05-31 12:00:00,59,37,89,8,400,3
2016-05-31 13:00:00,61,31,90,7,400,3
2016-05-31 14:00:00,61,29,86,8,400,3
2016-05-31 15:00:00,55,31,76,10,400,3
2016-05-31 16:00:00,63,27,72,12,400,4
2016-05-31 17:00:00,65,23,75,13,400,4
2016-05-31 18:00:00,73,37,72,14,400,4
2016-05-31 19:00:00,65,35,67,17,500,4
2016-05-31 20:00:00,99,57,61,17,500,4
2016-05-31 21:00:00,91,51,53,16,400,3
2016-05-31 22:00:00,85,49,45,17,500,3
2016-05-31 23:00:00,71,41,34,19,400,4
